,group,datetime,date,time,cycle_full_gr,status,gr_status
0,2,2023-02-02 18:34:24+07:00,2023-02-02,18:35:00,1,start,2_start
1,2,2023-02-02 20:22:36+07:00,2023-02-02,20:25:00,1,stop,2_stop
2,2,2023-02-04 09:12:31+07:00,2023-02-04,09:15:00,2,start,2_start
3,2,2023-02-04 09:21:19+07:00,2023-02-04,09:20:00,2,stop,2_stop
4,2,2023-02-04 09:59:54+07:00,2023-02-04,10:00:00,3,start,2_start
5,2,2023-02-04 10:15:46+07:00,2023-02-04,10:15:00,3,stop,2_stop
6,2,2023-02-04 14:16:04+07:00,2023-02-04,14:15:00,4,start,2_start
7,2,2023-02-04 14:51:37+07:00,2023-02-04,14:50:00,4,stop,2_stop
8,2,2023-02-04 16:30:12+07:00,2023-02-04,16:30:00,5,start,2_start
9,2,2023-02-04 18:00:38+07:00,2023-02-04,18:00:00,5,stop,2_stop
10,2,2023-02-06 16:18:59+07:00,2023-02-06,16:20:00,6,start,2_start
11,2,2023-02-06 18:12:52+07:00,2023-02-06,18:15:00,6,stop,2_stop
12,2,2023-02-08 16:47:58+07:00,2023-02-08,16:50:00,7,start,2_start
13,2,2023-02-08 18:28:52+07:00,2023-02-08,18:30:00,7,stop,2_stop
14,2,2023-02-10 16:14:25+07:00,2023-02-10,16:15:00,8,start,2_start
15,2,2023-02-10 18:01:36+07:00,2023-02-10,18:00:00,8,stop,2_stop
16,2,2023-02-12 17:11:21+07:00,2023-02-12,17:10:00,9,start,2_start
17,2,2023-02-12 18:33:42+07:00,2023-02-12,18:35:00,9,stop,2_stop
18,2,2023-02-14 19:54:52+07:00,2023-02-14,19:55:00,10,start,2_start
19,2,2023-02-14 21:35:59+07:00,2023-02-14,21:35:00,10,stop,2_stop
20,2,2023-02-16 17:01:44+07:00,2023-02-16,17:00:00,11,start,2_start
21,2,2023-02-16 18:14:40+07:00,2023-02-16,18:15:00,11,stop,2_stop
22,2,2023-02-16 19:22:32+07:00,2023-02-16,19:25:00,12,start,2_start
23,2,2023-02-16 19:47:13+07:00,2023-02-16,19:45:00,12,stop,2_stop
24,2,2023-02-18 17:08:48+07:00,2023-02-18,17:10:00,13,start,2_start
25,2,2023-02-18 18:14:10+07:00,2023-02-18,18:15:00,13,stop,2_stop
26,2,2023-02-18 19:03:41+07:00,2023-02-18,19:05:00,14,start,2_start
27,2,2023-02-18 20:23:47+07:00,2023-02-18,20:25:00,14,stop,2_stop
28,2,2023-02-20 17:31:36+07:00,2023-02-20,17:30:00,15,start,2_start
29,2,2023-02-20 17:42:56+07:00,2023-02-20,17:45:00,15,stop,2_stop
30,2,2023-02-20 18:49:00+07:00,2023-02-20,18:50:00,16,start,2_start
31,2,2023-02-20 20:05:14+07:00,2023-02-20,20:05:00,16,stop,2_stop
32,2,2023-02-22 17:05:38+07:00,2023-02-22,17:05:00,17,start,2_start
33,2,2023-02-22 18:48:11+07:00,2023-02-22,18:50:00,17,stop,2_stop
34,2,2023-02-23 19:25:50+07:00,2023-02-23,19:25:00,18,start,2_start
35,2,2023-02-23 21:05:13+07:00,2023-02-23,21:05:00,18,stop,2_stop
36,2,2023-02-24 19:29:05+07:00,2023-02-24,19:30:00,19,start,2_start
37,2,2023-02-24 21:15:16+07:00,2023-02-24,21:15:00,19,stop,2_stop
38,2,2023-02-25 17:00:07+07:00,2023-02-25,17:00:00,20,start,2_start
39,2,2023-02-25 18:36:18+07:00,2023-02-25,18:35:00,20,stop,2_stop
40,2,2023-02-26 19:29:19+07:00,2023-02-26,19:30:00,21,start,2_start
41,2,2023-02-26 19:37:16+07:00,2023-02-26,19:35:00,21,stop,2_stop
42,2,2023-02-26 20:37:26+07:00,2023-02-26,20:35:00,22,start,2_start
43,2,2023-02-26 21:58:02+07:00,2023-02-26,22:00:00,22,stop,2_stop
44,2,2023-02-27 16:00:00+07:00,2023-02-27,16:00:00,23,start,2_start
45,2,2023-02-27 17:39:10+07:00,2023-02-27,17:40:00,23,stop,2_stop
46,2,2023-02-28 16:48:45+07:00,2023-02-28,16:50:00,24,start,2_start
47,2,2023-02-28 18:45:03+07:00,2023-02-28,18:45:00,24,stop,2_stop
48,2,2023-03-01 16:00:34+07:00,2023-03-01,16:00:00,25,start,2_start
49,2,2023-03-01 17:35:06+07:00,2023-03-01,17:35:00,25,stop,2_stop
50,2,2023-03-02 15:57:09+07:00,2023-03-02,15:55:00,26,start,2_start
51,2,2023-03-02 17:22:52+07:00,2023-03-02,17:25:00,26,stop,2_stop
52,2,2023-03-04 00:52:48+07:00,2023-03-04,00:55:00,27,start,2_start
53,2,2023-03-04 02:30:49+07:00,2023-03-04,02:30:00,27,stop,2_stop
54,2,2023-03-04 16:18:53+07:00,2023-03-04,16:20:00,28,start,2_start
55,2,2023-03-04 17:39:15+07:00,2023-03-04,17:40:00,28,stop,2_stop
56,2,2023-03-05 19:49:08+07:00,2023-03-05,19:50:00,29,start,2_start
57,2,2023-03-05 20:43:50+07:00,2023-03-05,20:45:00,29,stop,2_stop
58,2,2023-03-06 16:09:47+07:00,2023-03-06,16:10:00,30,start,2_start
59,2,2023-03-06 17:37:29+07:00,2023-03-06,17:35:00,30,stop,2_stop
60,2,2023-03-07 17:13:05+07:00,2023-03-07,17:15:00,31,start,2_start
61,2,2023-03-07 17:47:11+07:00,2023-03-07,17:45:00,31,stop,2_stop
62,2,2023-03-07 19:43:14+07:00,2023-03-07,19:45:00,32,start,2_start
63,2,2023-03-07 21:19:01+07:00,2023-03-07,21:20:00,32,stop,2_stop
64,2,2023-03-08 15:59:26+07:00,2023-03-08,16:00:00,33,start,2_start
65,2,2023-03-08 17:13:29+07:00,2023-03-08,17:15:00,33,stop,2_stop
66,2,2023-03-09 17:13:36+07:00,2023-03-09,17:15:00,34,start,2_start
67,2,2023-03-09 18:30:27+07:00,2023-03-09,18:30:00,34,stop,2_stop
68,2,2023-03-10 16:53:10+07:00,2023-03-10,16:55:00,35,start,2_start
69,2,2023-03-10 18:07:48+07:00,2023-03-10,18:10:00,35,stop,2_stop
70,2,2023-03-11 15:47:56+07:00,2023-03-11,15:50:00,36,start,2_start
71,2,2023-03-11 16:57:44+07:00,2023-03-11,17:00:00,36,stop,2_stop
72,2,2023-03-12 16:12:31+07:00,2023-03-12,16:15:00,37,start,2_start
73,2,2023-03-12 17:26:18+07:00,2023-03-12,17:25:00,37,stop,2_stop
74,2,2023-03-13 16:37:23+07:00,2023-03-13,16:35:00,38,start,2_start
75,2,2023-03-13 17:45:58+07:00,2023-03-13,17:45:00,38,stop,2_stop
76,2,2023-03-14 16:53:26+07:00,2023-03-14,16:55:00,39,start,2_start
77,2,2023-03-14 18:12:47+07:00,2023-03-14,18:15:00,39,stop,2_stop
78,2,2023-03-15 16:54:45+07:00,2023-03-15,16:55:00,40,start,2_start
79,2,2023-03-15 19:05:14+07:00,2023-03-15,19:05:00,40,stop,2_stop
80,2,2023-03-16 16:29:26+07:00,2023-03-16,16:30:00,41,start,2_start
81,2,2023-03-16 18:09:21+07:00,2023-03-16,18:10:00,41,stop,2_stop
82,2,2023-03-17 16:23:52+07:00,2023-03-17,16:25:00,42,start,2_start
83,2,2023-03-17 16:46:43+07:00,2023-03-17,16:45:00,42,stop,2_stop
84,2,2023-03-17 20:26:03+07:00,2023-03-17,20:25:00,43,start,2_start
85,2,2023-03-17 22:05:05+07:00,2023-03-17,22:05:00,43,stop,2_stop
86,2,2023-03-18 18:10:42+07:00,2023-03-18,18:10:00,44,start,2_start
87,2,2023-03-18 20:10:00+07:00,2023-03-18,20:10:00,44,stop,2_stop
88,2,2023-03-19 16:10:29+07:00,2023-03-19,16:10:00,45,start,2_start
89,2,2023-03-19 17:35:34+07:00,2023-03-19,17:35:00,45,stop,2_stop
90,2,2023-03-20 18:02:53+07:00,2023-03-20,18:05:00,46,start,2_start
91,2,2023-03-20 19:47:31+07:00,2023-03-20,19:50:00,46,stop,2_stop
92,2,2023-03-21 15:58:15+07:00,2023-03-21,16:00:00,47,start,2_start
93,2,2023-03-21 17:32:46+07:00,2023-03-21,17:35:00,47,stop,2_stop
94,2,2023-03-22 18:04:44+07:00,2023-03-22,18:05:00,48,start,2_start
95,2,2023-03-22 19:39:29+07:00,2023-03-22,19:40:00,48,stop,2_stop
96,2,2023-03-23 18:57:10+07:00,2023-03-23,18:55:00,49,start,2_start
97,2,2023-03-23 20:34:25+07:00,2023-03-23,20:35:00,49,stop,2_stop
98,2,2023-03-24 19:14:14+07:00,2023-03-24,19:15:00,50,start,2_start
99,2,2023-03-24 20:47:20+07:00,2023-03-24,20:45:00,50,stop,2_stop
100,2,2023-03-25 19:08:25+07:00,2023-03-25,19:10:00,51,start,2_start
101,2,2023-03-25 20:45:50+07:00,2023-03-25,20:45:00,51,stop,2_stop
102,2,2023-03-26 16:13:51+07:00,2023-03-26,16:15:00,52,start,2_start
103,2,2023-03-26 17:23:38+07:00,2023-03-26,17:25:00,52,stop,2_stop
104,2,2023-03-27 16:30:53+07:00,2023-03-27,16:30:00,53,start,2_start
105,2,2023-03-27 18:25:59+07:00,2023-03-27,18:25:00,53,stop,2_stop
106,2,2023-03-28 18:53:35+07:00,2023-03-28,18:55:00,54,start,2_start
107,2,2023-03-28 20:41:42+07:00,2023-03-28,20:40:00,54,stop,2_stop
108,2,2023-03-29 15:40:30+07:00,2023-03-29,15:40:00,55,start,2_start
109,2,2023-03-29 16:51:01+07:00,2023-03-29,16:50:00,55,stop,2_stop
110,2,2023-03-30 16:43:54+07:00,2023-03-30,16:45:00,56,start,2_start
111,2,2023-03-30 18:06:14+07:00,2023-03-30,18:05:00,56,stop,2_stop
112,2,2023-03-31 15:56:41+07:00,2023-03-31,15:55:00,57,start,2_start
113,2,2023-03-31 16:03:54+07:00,2023-03-31,16:05:00,57,stop,2_stop
114,2,2023-03-31 18:18:47+07:00,2023-03-31,18:20:00,58,start,2_start
115,2,2023-03-31 19:23:08+07:00,2023-03-31,19:25:00,58,stop,2_stop
116,2,2023-04-01 16:10:34+07:00,2023-04-01,16:10:00,59,start,2_start
117,2,2023-04-01 17:19:34+07:00,2023-04-01,17:20:00,59,stop,2_stop
118,2,2023-04-02 17:16:34+07:00,2023-04-02,17:15:00,60,start,2_start
119,2,2023-04-02 18:30:35+07:00,2023-04-02,18:30:00,60,stop,2_stop
120,2,2023-04-03 18:41:20+07:00,2023-04-03,18:40:00,61,start,2_start
121,2,2023-04-03 19:58:04+07:00,2023-04-03,20:00:00,61,stop,2_stop
122,2,2023-04-04 19:48:58+07:00,2023-04-04,19:50:00,62,start,2_start
123,2,2023-04-04 21:49:16+07:00,2023-04-04,21:50:00,62,stop,2_stop
124,2,2023-04-05 17:08:51+07:00,2023-04-05,17:10:00,63,start,2_start
125,2,2023-04-05 18:19:15+07:00,2023-04-05,18:20:00,63,stop,2_stop
126,2,2023-04-06 19:21:29+07:00,2023-04-06,19:20:00,64,start,2_start
127,2,2023-04-06 20:54:58+07:00,2023-04-06,20:55:00,64,stop,2_stop
128,2,2023-04-07 16:31:06+07:00,2023-04-07,16:30:00,65,start,2_start
129,2,2023-04-07 18:04:53+07:00,2023-04-07,18:05:00,65,stop,2_stop
130,2,2023-04-08 16:41:35+07:00,2023-04-08,16:40:00,66,start,2_start
131,2,2023-04-08 18:19:41+07:00,2023-04-08,18:20:00,66,stop,2_stop
132,2,2023-04-09 19:08:19+07:00,2023-04-09,19:10:00,67,start,2_start
133,2,2023-04-09 20:58:12+07:00,2023-04-09,21:00:00,67,stop,2_stop
134,2,2023-04-10 15:45:00+07:00,2023-04-10,15:45:00,68,start,2_start
135,2,2023-04-10 17:25:12+07:00,2023-04-10,17:25:00,68,stop,2_stop
136,2,2023-04-11 18:41:55+07:00,2023-04-11,18:40:00,69,start,2_start
137,2,2023-04-11 20:25:06+07:00,2023-04-11,20:25:00,69,stop,2_stop
138,2,2023-04-12 15:50:26+07:00,2023-04-12,15:50:00,70,start,2_start
139,2,2023-04-12 17:20:32+07:00,2023-04-12,17:20:00,70,stop,2_stop
140,2,2023-04-13 15:44:52+07:00,2023-04-13,15:45:00,71,start,2_start
141,2,2023-04-13 17:42:26+07:00,2023-04-13,17:40:00,71,stop,2_stop
142,2,2023-04-14 18:39:29+07:00,2023-04-14,18:40:00,72,start,2_start
143,2,2023-04-14 20:24:22+07:00,2023-04-14,20:25:00,72,stop,2_stop
144,2,2023-04-15 16:36:06+07:00,2023-04-15,16:35:00,73,start,2_start
145,2,2023-04-15 18:07:02+07:00,2023-04-15,18:05:00,73,stop,2_stop
146,2,2023-04-16 16:23:04+07:00,2023-04-16,16:25:00,74,start,2_start
147,2,2023-04-16 17:49:40+07:00,2023-04-16,17:50:00,74,stop,2_stop
148,2,2023-04-17 16:07:15+07:00,2023-04-17,16:05:00,75,start,2_start
149,2,2023-04-17 18:09:41+07:00,2023-04-17,18:10:00,75,stop,2_stop
150,2,2023-04-18 18:24:11+07:00,2023-04-18,18:25:00,76,start,2_start
151,2,2023-04-18 20:48:25+07:00,2023-04-18,20:50:00,76,stop,2_stop
152,2,2023-04-19 16:14:06+07:00,2023-04-19,16:15:00,77,start,2_start
153,2,2023-04-19 17:51:31+07:00,2023-04-19,17:50:00,77,stop,2_stop
154,2,2023-04-20 16:01:52+07:00,2023-04-20,16:00:00,78,start,2_start
155,2,2023-04-20 16:12:36+07:00,2023-04-20,16:15:00,78,stop,2_stop
156,2,2023-04-21 11:38:53+07:00,2023-04-21,11:40:00,79,start,2_start
157,2,2023-04-21 12:03:50+07:00,2023-04-21,12:05:00,79,stop,2_stop
158,2,2023-04-21 16:01:12+07:00,2023-04-21,16:00:00,80,start,2_start
159,2,2023-04-21 17:43:22+07:00,2023-04-21,17:45:00,80,stop,2_stop
160,2,2023-04-22 16:12:50+07:00,2023-04-22,16:15:00,81,start,2_start
161,2,2023-04-22 17:44:13+07:00,2023-04-22,17:45:00,81,stop,2_stop
162,2,2023-04-23 15:31:02+07:00,2023-04-23,15:30:00,82,start,2_start
163,2,2023-04-23 17:13:29+07:00,2023-04-23,17:15:00,82,stop,2_stop
164,2,2023-04-24 16:15:27+07:00,2023-04-24,16:15:00,83,start,2_start
165,2,2023-04-24 17:57:07+07:00,2023-04-24,17:55:00,83,stop,2_stop
166,2,2023-04-25 16:14:11+07:00,2023-04-25,16:15:00,84,start,2_start
167,2,2023-04-25 17:35:44+07:00,2023-04-25,17:35:00,84,stop,2_stop
168,2,2023-04-26 16:09:23+07:00,2023-04-26,16:10:00,85,start,2_start
169,2,2023-04-26 16:30:29+07:00,2023-04-26,16:30:00,85,stop,2_stop
170,2,2023-04-26 17:39:19+07:00,2023-04-26,17:40:00,86,start,2_start
171,2,2023-04-26 18:47:29+07:00,2023-04-26,18:45:00,86,stop,2_stop
172,2,2023-04-27 16:57:12+07:00,2023-04-27,16:55:00,87,start,2_start
173,2,2023-04-27 18:21:54+07:00,2023-04-27,18:20:00,87,stop,2_stop
174,2,2023-04-28 16:38:34+07:00,2023-04-28,16:40:00,88,start,2_start
175,2,2023-04-28 17:55:38+07:00,2023-04-28,17:55:00,88,stop,2_stop
176,2,2023-04-29 17:13:46+07:00,2023-04-29,17:15:00,89,start,2_start
177,2,2023-04-29 18:40:50+07:00,2023-04-29,18:40:00,89,stop,2_stop
178,2,2023-04-30 16:32:40+07:00,2023-04-30,16:35:00,90,start,2_start
179,2,2023-04-30 17:46:57+07:00,2023-04-30,17:45:00,90,stop,2_stop
180,2,2023-05-01 16:08:46+07:00,2023-05-01,16:10:00,91,start,2_start
181,2,2023-05-01 17:37:41+07:00,2023-05-01,17:40:00,91,stop,2_stop
182,2,2023-05-02 15:41:29+07:00,2023-05-02,15:40:00,92,start,2_start
183,2,2023-05-02 17:11:55+07:00,2023-05-02,17:10:00,92,stop,2_stop
184,2,2023-05-03 15:49:35+07:00,2023-05-03,15:50:00,93,start,2_start
185,2,2023-05-03 17:30:07+07:00,2023-05-03,17:30:00,93,stop,2_stop
186,2,2023-05-04 18:22:31+07:00,2023-05-04,18:25:00,94,start,2_start
187,2,2023-05-04 20:04:37+07:00,2023-05-04,20:05:00,94,stop,2_stop
188,2,2023-05-05 19:06:38+07:00,2023-05-05,19:05:00,95,start,2_start
189,2,2023-05-05 20:49:46+07:00,2023-05-05,20:50:00,95,stop,2_stop
190,2,2023-05-06 19:19:47+07:00,2023-05-06,19:20:00,96,start,2_start
191,2,2023-05-06 21:07:09+07:00,2023-05-06,21:05:00,96,stop,2_stop
192,2,2023-05-07 16:40:53+07:00,2023-05-07,16:40:00,97,start,2_start
193,2,2023-05-07 18:09:00+07:00,2023-05-07,18:10:00,97,stop,2_stop
194,2,2023-05-08 18:54:50+07:00,2023-05-08,18:55:00,98,start,2_start
195,2,2023-05-08 20:53:30+07:00,2023-05-08,20:55:00,98,stop,2_stop
196,2,2023-05-09 18:34:13+07:00,2023-05-09,18:35:00,99,start,2_start
197,2,2023-05-09 20:23:52+07:00,2023-05-09,20:25:00,99,stop,2_stop
198,2,2023-05-11 16:31:31+07:00,2023-05-11,16:30:00,100,start,2_start
199,2,2023-05-11 17:32:16+07:00,2023-05-11,17:30:00,100,stop,2_stop
200,2,2023-05-11 19:29:57+07:00,2023-05-11,19:30:00,101,start,2_start
201,2,2023-05-11 20:23:59+07:00,2023-05-11,20:25:00,101,stop,2_stop
202,2,2023-05-12 16:41:53+07:00,2023-05-12,16:40:00,102,start,2_start
203,2,2023-05-12 18:23:12+07:00,2023-05-12,18:25:00,102,stop,2_stop
204,2,2023-05-13 16:37:27+07:00,2023-05-13,16:35:00,103,start,2_start
205,2,2023-05-13 18:24:24+07:00,2023-05-13,18:25:00,103,stop,2_stop
206,2,2023-05-14 19:29:19+07:00,2023-05-14,19:30:00,104,start,2_start
207,2,2023-05-14 21:11:32+07:00,2023-05-14,21:10:00,104,stop,2_stop
208,2,2023-05-15 13:27:57+07:00,2023-05-15,13:30:00,105,start,2_start
209,2,2023-05-15 13:46:25+07:00,2023-05-15,13:45:00,105,stop,2_stop
210,2,2023-05-15 14:19:34+07:00,2023-05-15,14:20:00,106,start,2_start
211,2,2023-05-15 14:32:07+07:00,2023-05-15,14:30:00,106,stop,2_stop
212,2,2023-05-15 19:00:13+07:00,2023-05-15,19:00:00,107,start,2_start
213,2,2023-05-15 20:47:04+07:00,2023-05-15,20:45:00,107,stop,2_stop
214,2,2023-05-16 09:06:40+07:00,2023-05-16,09:05:00,108,start,2_start
215,2,2023-05-16 09:50:25+07:00,2023-05-16,09:50:00,108,stop,2_stop
216,2,2023-05-16 20:33:46+07:00,2023-05-16,20:35:00,109,start,2_start
217,2,2023-05-16 21:16:38+07:00,2023-05-16,21:15:00,109,stop,2_stop
218,2,2023-05-17 00:03:39+07:00,2023-05-17,00:05:00,110,start,2_start
219,2,2023-05-17 01:03:09+07:00,2023-05-17,01:05:00,110,stop,2_stop
220,2,2023-05-17 08:44:33+07:00,2023-05-17,08:45:00,111,start,2_start
221,2,2023-05-17 09:34:09+07:00,2023-05-17,09:35:00,111,stop,2_stop
222,2,2023-05-17 15:44:37+07:00,2023-05-17,15:45:00,112,start,2_start
223,2,2023-05-17 17:21:04+07:00,2023-05-17,17:20:00,112,stop,2_stop
224,2,2023-05-18 04:00:49+07:00,2023-05-18,04:00:00,113,start,2_start
225,2,2023-05-18 05:37:05+07:00,2023-05-18,05:35:00,113,stop,2_stop
226,2,2023-05-18 17:30:39+07:00,2023-05-18,17:30:00,114,start,2_start
227,2,2023-05-18 19:01:03+07:00,2023-05-18,19:00:00,114,stop,2_stop
228,2,2023-05-19 04:10:43+07:00,2023-05-19,04:10:00,115,start,2_start
229,2,2023-05-19 05:43:23+07:00,2023-05-19,05:45:00,115,stop,2_stop
230,2,2023-05-19 16:36:19+07:00,2023-05-19,16:35:00,116,start,2_start
231,2,2023-05-19 18:14:34+07:00,2023-05-19,18:15:00,116,stop,2_stop
232,2,2023-05-20 04:13:54+07:00,2023-05-20,04:15:00,117,start,2_start
233,2,2023-05-20 05:24:48+07:00,2023-05-20,05:25:00,117,stop,2_stop
234,2,2023-05-20 15:45:02+07:00,2023-05-20,15:45:00,118,start,2_start
235,2,2023-05-20 17:13:55+07:00,2023-05-20,17:15:00,118,stop,2_stop
236,2,2023-05-21 03:57:38+07:00,2023-05-21,04:00:00,119,start,2_start
237,2,2023-05-21 05:25:48+07:00,2023-05-21,05:25:00,119,stop,2_stop
238,2,2023-05-21 16:04:30+07:00,2023-05-21,16:05:00,120,start,2_start
239,2,2023-05-21 17:31:16+07:00,2023-05-21,17:30:00,120,stop,2_stop
240,2,2023-05-22 03:59:22+07:00,2023-05-22,04:00:00,121,start,2_start
241,2,2023-05-22 05:37:45+07:00,2023-05-22,05:40:00,121,stop,2_stop
242,2,2023-05-22 19:00:58+07:00,2023-05-22,19:00:00,122,start,2_start
243,2,2023-05-22 20:36:23+07:00,2023-05-22,20:35:00,122,stop,2_stop
244,2,2023-05-23 18:04:17+07:00,2023-05-23,18:05:00,123,start,2_start
245,2,2023-05-23 19:17:22+07:00,2023-05-23,19:15:00,123,stop,2_stop
246,2,2023-05-24 18:41:24+07:00,2023-05-24,18:40:00,124,start,2_start
247,2,2023-05-24 19:41:38+07:00,2023-05-24,19:40:00,124,stop,2_stop
248,2,2023-05-25 18:56:14+07:00,2023-05-25,18:55:00,125,start,2_start
249,2,2023-05-25 20:13:28+07:00,2023-05-25,20:15:00,125,stop,2_stop
250,2,2023-05-26 16:21:06+07:00,2023-05-26,16:20:00,126,start,2_start
251,2,2023-05-26 18:00:41+07:00,2023-05-26,18:00:00,126,stop,2_stop
252,2,2023-05-27 20:12:00+07:00,2023-05-27,20:10:00,127,start,2_start
253,2,2023-05-27 21:25:28+07:00,2023-05-27,21:25:00,127,stop,2_stop
254,2,2023-05-28 20:29:14+07:00,2023-05-28,20:30:00,128,start,2_start
255,2,2023-05-28 21:54:46+07:00,2023-05-28,21:55:00,128,stop,2_stop
256,2,2023-05-29 20:37:26+07:00,2023-05-29,20:35:00,129,start,2_start
257,2,2023-05-29 21:45:48+07:00,2023-05-29,21:45:00,129,stop,2_stop
258,2,2023-05-30 19:59:38+07:00,2023-05-30,20:00:00,130,start,2_start
259,2,2023-05-30 21:35:26+07:00,2023-05-30,21:35:00,130,stop,2_stop
260,2,2023-05-31 20:00:24+07:00,2023-05-31,20:00:00,131,start,2_start
261,2,2023-05-31 21:51:53+07:00,2023-05-31,21:50:00,131,stop,2_stop
262,2,2023-06-01 20:00:23+07:00,2023-06-01,20:00:00,132,start,2_start
263,2,2023-06-01 21:48:01+07:00,2023-06-01,21:50:00,132,stop,2_stop
264,2,2023-06-02 20:01:21+07:00,2023-06-02,20:00:00,133,start,2_start
265,2,2023-06-02 20:26:59+07:00,2023-06-02,20:25:00,133,stop,2_stop
266,2,2023-06-02 21:18:06+07:00,2023-06-02,21:20:00,134,start,2_start
267,2,2023-06-02 22:19:47+07:00,2023-06-02,22:20:00,134,stop,2_stop
268,2,2023-06-03 19:54:36+07:00,2023-06-03,19:55:00,135,start,2_start
269,2,2023-06-03 21:27:46+07:00,2023-06-03,21:30:00,135,stop,2_stop
270,2,2023-06-04 20:00:41+07:00,2023-06-04,20:00:00,136,start,2_start
271,2,2023-06-04 21:31:33+07:00,2023-06-04,21:30:00,136,stop,2_stop
272,2,2023-06-05 20:26:41+07:00,2023-06-05,20:25:00,137,start,2_start
273,2,2023-06-05 21:49:26+07:00,2023-06-05,21:50:00,137,stop,2_stop
274,2,2023-06-06 20:18:44+07:00,2023-06-06,20:20:00,138,start,2_start
275,2,2023-06-06 21:50:57+07:00,2023-06-06,21:50:00,138,stop,2_stop
276,2,2023-06-07 19:55:32+07:00,2023-06-07,19:55:00,139,start,2_start
277,2,2023-06-07 21:31:31+07:00,2023-06-07,21:30:00,139,stop,2_stop
278,2,2023-06-08 20:52:03+07:00,2023-06-08,20:50:00,140,start,2_start
279,2,2023-06-08 22:28:05+07:00,2023-06-08,22:30:00,140,stop,2_stop
280,2,2023-06-09 19:50:22+07:00,2023-06-09,19:50:00,141,start,2_start
281,2,2023-06-09 21:37:16+07:00,2023-06-09,21:35:00,141,stop,2_stop
282,2,2023-06-10 19:06:46+07:00,2023-06-10,19:05:00,142,start,2_start
283,2,2023-06-10 20:52:54+07:00,2023-06-10,20:55:00,142,stop,2_stop
284,2,2023-06-11 20:04:38+07:00,2023-06-11,20:05:00,143,start,2_start
285,2,2023-06-11 21:37:28+07:00,2023-06-11,21:35:00,143,stop,2_stop
286,2,2023-06-12 19:56:23+07:00,2023-06-12,19:55:00,144,start,2_start
287,2,2023-06-12 21:44:24+07:00,2023-06-12,21:45:00,144,stop,2_stop
288,2,2023-06-13 20:04:35+07:00,2023-06-13,20:05:00,145,start,2_start
289,2,2023-06-13 21:06:48+07:00,2023-06-13,21:05:00,145,stop,2_stop
290,2,2023-06-14 20:09:28+07:00,2023-06-14,20:10:00,146,start,2_start
291,2,2023-06-14 20:56:45+07:00,2023-06-14,20:55:00,146,stop,2_stop
292,2,2023-06-14 21:39:11+07:00,2023-06-14,21:40:00,147,start,2_start
293,2,2023-06-14 22:13:49+07:00,2023-06-14,22:15:00,147,stop,2_stop
294,2,2023-06-15 20:05:02+07:00,2023-06-15,20:05:00,148,start,2_start
295,2,2023-06-15 21:45:38+07:00,2023-06-15,21:45:00,148,stop,2_stop
296,2,2023-06-16 20:05:41+07:00,2023-06-16,20:05:00,149,start,2_start
297,2,2023-06-16 22:06:03+07:00,2023-06-16,22:05:00,149,stop,2_stop
298,2,2023-06-17 19:20:59+07:00,2023-06-17,19:20:00,150,start,2_start
299,2,2023-06-17 21:21:13+07:00,2023-06-17,21:20:00,150,stop,2_stop
300,2,2023-06-18 19:40:14+07:00,2023-06-18,19:40:00,151,start,2_start
301,2,2023-06-18 20:59:08+07:00,2023-06-18,21:00:00,151,stop,2_stop
302,2,2023-06-19 20:13:33+07:00,2023-06-19,20:15:00,152,start,2_start
303,2,2023-06-19 21:51:01+07:00,2023-06-19,21:50:00,152,stop,2_stop
304,2,2023-06-20 20:13:14+07:00,2023-06-20,20:15:00,153,start,2_start
305,2,2023-06-20 22:10:15+07:00,2023-06-20,22:10:00,153,stop,2_stop
306,2,2023-06-21 19:33:53+07:00,2023-06-21,19:35:00,154,start,2_start
307,2,2023-06-21 20:57:58+07:00,2023-06-21,21:00:00,154,stop,2_stop
308,2,2023-06-22 10:28:16+07:00,2023-06-22,10:30:00,155,start,2_start
309,2,2023-06-22 10:36:00+07:00,2023-06-22,10:35:00,155,stop,2_stop
310,2,2023-06-22 19:54:06+07:00,2023-06-22,19:55:00,156,start,2_start
311,2,2023-06-22 21:21:52+07:00,2023-06-22,21:20:00,156,stop,2_stop
312,2,2023-06-23 20:05:51+07:00,2023-06-23,20:05:00,157,start,2_start
313,2,2023-06-23 21:02:04+07:00,2023-06-23,21:00:00,157,stop,2_stop
314,2,2023-06-23 23:57:32+07:00,2023-06-23,00:00:00,158,start,2_start
315,2,2023-06-24 01:18:00+07:00,2023-06-24,01:20:00,158,stop,2_stop
316,2,2023-06-24 20:02:42+07:00,2023-06-24,20:05:00,159,start,2_start
317,2,2023-06-24 22:14:46+07:00,2023-06-24,22:15:00,159,stop,2_stop
318,2,2023-06-25 20:14:14+07:00,2023-06-25,20:15:00,160,start,2_start
319,2,2023-06-25 21:50:05+07:00,2023-06-25,21:50:00,160,stop,2_stop
320,2,2023-06-26 20:10:45+07:00,2023-06-26,20:10:00,161,start,2_start
321,2,2023-06-26 21:48:33+07:00,2023-06-26,21:50:00,161,stop,2_stop
322,2,2023-06-27 19:53:06+07:00,2023-06-27,19:55:00,162,start,2_start
323,2,2023-06-27 21:38:33+07:00,2023-06-27,21:40:00,162,stop,2_stop
324,2,2023-06-28 19:46:45+07:00,2023-06-28,19:45:00,163,start,2_start
325,2,2023-06-28 21:23:02+07:00,2023-06-28,21:25:00,163,stop,2_stop
326,2,2023-06-30 00:27:11+07:00,2023-06-30,00:25:00,164,start,2_start
327,2,2023-06-30 01:33:25+07:00,2023-06-30,01:35:00,164,stop,2_stop
328,2,2023-06-30 20:36:09+07:00,2023-06-30,20:35:00,165,start,2_start
329,2,2023-06-30 21:34:00+07:00,2023-06-30,21:35:00,165,stop,2_stop
330,2,2023-06-30 23:31:09+07:00,2023-06-30,23:30:00,166,start,2_start
331,2,2023-07-01 00:09:24+07:00,2023-07-01,00:10:00,166,stop,2_stop
332,2,2023-07-01 20:14:25+07:00,2023-07-01,20:15:00,167,start,2_start
333,2,2023-07-01 21:46:20+07:00,2023-07-01,21:45:00,167,stop,2_stop
334,2,2023-07-02 19:59:49+07:00,2023-07-02,20:00:00,168,start,2_start
335,2,2023-07-02 21:39:32+07:00,2023-07-02,21:40:00,168,stop,2_stop
336,2,2023-07-04 00:18:14+07:00,2023-07-04,00:20:00,169,start,2_start
337,2,2023-07-04 02:25:05+07:00,2023-07-04,02:25:00,169,stop,2_stop
338,2,2023-07-04 19:21:36+07:00,2023-07-04,19:20:00,170,start,2_start
339,2,2023-07-04 21:10:10+07:00,2023-07-04,21:10:00,170,stop,2_stop
340,2,2023-07-06 00:25:17+07:00,2023-07-06,00:25:00,171,start,2_start
341,2,2023-07-06 01:54:15+07:00,2023-07-06,01:55:00,171,stop,2_stop
342,2,2023-07-06 20:45:26+07:00,2023-07-06,20:45:00,172,start,2_start
343,2,2023-07-06 22:20:06+07:00,2023-07-06,22:20:00,172,stop,2_stop
344,2,2023-07-07 20:00:38+07:00,2023-07-07,20:00:00,173,start,2_start
345,2,2023-07-07 21:57:45+07:00,2023-07-07,22:00:00,173,stop,2_stop
346,2,2023-07-08 19:37:18+07:00,2023-07-08,19:35:00,174,start,2_start
347,2,2023-07-08 21:27:40+07:00,2023-07-08,21:30:00,174,stop,2_stop
348,2,2023-07-09 20:30:40+07:00,2023-07-09,20:30:00,175,start,2_start
349,2,2023-07-09 22:18:35+07:00,2023-07-09,22:20:00,175,stop,2_stop
350,2,2023-07-10 20:02:03+07:00,2023-07-10,20:00:00,176,start,2_start
351,2,2023-07-10 21:41:38+07:00,2023-07-10,21:40:00,176,stop,2_stop
352,2,2023-07-11 18:51:37+07:00,2023-07-11,18:50:00,177,start,2_start
353,2,2023-07-11 20:22:58+07:00,2023-07-11,20:25:00,177,stop,2_stop
354,2,2023-07-12 20:28:24+07:00,2023-07-12,20:30:00,178,start,2_start
355,2,2023-07-12 22:10:29+07:00,2023-07-12,22:10:00,178,stop,2_stop
356,2,2023-07-13 20:02:01+07:00,2023-07-13,20:00:00,179,start,2_start
357,2,2023-07-13 21:15:22+07:00,2023-07-13,21:15:00,179,stop,2_stop
358,2,2023-07-14 20:07:14+07:00,2023-07-14,20:05:00,180,start,2_start
359,2,2023-07-14 21:55:04+07:00,2023-07-14,21:55:00,180,stop,2_stop
360,2,2023-07-15 20:51:50+07:00,2023-07-15,20:50:00,181,start,2_start
361,2,2023-07-15 22:24:01+07:00,2023-07-15,22:25:00,181,stop,2_stop
362,2,2023-07-16 20:01:19+07:00,2023-07-16,20:00:00,182,start,2_start
363,2,2023-07-16 21:28:13+07:00,2023-07-16,21:30:00,182,stop,2_stop
364,2,2023-07-17 20:19:53+07:00,2023-07-17,20:20:00,183,start,2_start
365,2,2023-07-17 20:33:41+07:00,2023-07-17,20:35:00,183,stop,2_stop
366,2,2023-07-17 21:03:49+07:00,2023-07-17,21:05:00,184,start,2_start
367,2,2023-07-17 22:43:05+07:00,2023-07-17,22:45:00,184,stop,2_stop
368,2,2023-07-18 17:14:57+07:00,2023-07-18,17:15:00,185,start,2_start
369,2,2023-07-18 18:13:57+07:00,2023-07-18,18:15:00,185,stop,2_stop
370,2,2023-07-18 19:46:43+07:00,2023-07-18,19:45:00,186,start,2_start
371,2,2023-07-18 21:20:54+07:00,2023-07-18,21:20:00,186,stop,2_stop
372,2,2023-07-18 22:01:53+07:00,2023-07-18,22:00:00,187,start,2_start
373,2,2023-07-18 22:20:00+07:00,2023-07-18,22:20:00,187,stop,2_stop
374,2,2023-07-19 21:34:59+07:00,2023-07-19,21:35:00,188,start,2_start
375,2,2023-07-19 22:38:51+07:00,2023-07-19,22:40:00,188,stop,2_stop
376,2,2023-07-20 19:56:26+07:00,2023-07-20,19:55:00,189,start,2_start
377,2,2023-07-20 21:34:48+07:00,2023-07-20,21:35:00,189,stop,2_stop
378,2,2023-07-21 19:28:17+07:00,2023-07-21,19:30:00,190,start,2_start
379,2,2023-07-21 21:00:00+07:00,2023-07-21,21:00:00,190,stop,2_stop
380,2,2023-07-22 19:59:21+07:00,2023-07-22,20:00:00,191,start,2_start
381,2,2023-07-22 21:38:02+07:00,2023-07-22,21:40:00,191,stop,2_stop
382,2,2023-07-23 19:56:35+07:00,2023-07-23,19:55:00,192,start,2_start
383,2,2023-07-23 21:03:38+07:00,2023-07-23,21:05:00,192,stop,2_stop
384,2,2023-07-24 20:08:12+07:00,2023-07-24,20:10:00,193,start,2_start
385,2,2023-07-24 21:45:58+07:00,2023-07-24,21:45:00,193,stop,2_stop
386,2,2023-07-25 20:03:58+07:00,2023-07-25,20:05:00,194,start,2_start
387,2,2023-07-25 21:21:09+07:00,2023-07-25,21:20:00,194,stop,2_stop
388,2,2023-07-26 19:57:33+07:00,2023-07-26,20:00:00,195,start,2_start
389,2,2023-07-26 21:18:16+07:00,2023-07-26,21:20:00,195,stop,2_stop
390,2,2023-07-27 19:57:16+07:00,2023-07-27,19:55:00,196,start,2_start
391,2,2023-07-27 21:59:51+07:00,2023-07-27,22:00:00,196,stop,2_stop
392,2,2023-07-28 19:26:18+07:00,2023-07-28,19:25:00,197,start,2_start
393,2,2023-07-28 21:23:20+07:00,2023-07-28,21:25:00,197,stop,2_stop
394,2,2023-07-29 20:12:33+07:00,2023-07-29,20:15:00,198,start,2_start
395,2,2023-07-29 22:03:09+07:00,2023-07-29,22:05:00,198,stop,2_stop
396,2,2023-07-30 20:06:26+07:00,2023-07-30,20:05:00,199,start,2_start
397,2,2023-07-30 21:42:59+07:00,2023-07-30,21:45:00,199,stop,2_stop
398,2,2023-07-31 20:00:57+07:00,2023-07-31,20:00:00,200,start,2_start
399,2,2023-07-31 21:36:24+07:00,2023-07-31,21:35:00,200,stop,2_stop
400,2,2023-08-01 19:55:02+07:00,2023-08-01,19:55:00,201,start,2_start
401,2,2023-08-01 21:48:37+07:00,2023-08-01,21:50:00,201,stop,2_stop
402,2,2023-08-02 19:52:23+07:00,2023-08-02,19:50:00,202,start,2_start
403,2,2023-08-02 21:06:09+07:00,2023-08-02,21:05:00,202,stop,2_stop
404,2,2023-08-03 20:16:40+07:00,2023-08-03,20:15:00,203,start,2_start
405,2,2023-08-03 21:59:39+07:00,2023-08-03,22:00:00,203,stop,2_stop
406,2,2023-08-04 20:07:03+07:00,2023-08-04,20:05:00,204,start,2_start
407,2,2023-08-04 21:33:07+07:00,2023-08-04,21:35:00,204,stop,2_stop
408,2,2023-08-05 20:03:48+07:00,2023-08-05,20:05:00,205,start,2_start
409,2,2023-08-05 21:21:46+07:00,2023-08-05,21:20:00,205,stop,2_stop
410,2,2023-08-07 20:23:06+07:00,2023-08-07,20:25:00,206,start,2_start
411,2,2023-08-07 22:17:46+07:00,2023-08-07,22:20:00,206,stop,2_stop
412,2,2023-08-08 20:20:30+07:00,2023-08-08,20:20:00,207,start,2_start
413,2,2023-08-08 21:56:42+07:00,2023-08-08,21:55:00,207,stop,2_stop
414,2,2023-08-09 20:10:59+07:00,2023-08-09,20:10:00,208,start,2_start
415,2,2023-08-09 20:41:11+07:00,2023-08-09,20:40:00,208,stop,2_stop
416,2,2023-08-09 21:36:15+07:00,2023-08-09,21:35:00,209,start,2_start
417,2,2023-08-09 22:55:37+07:00,2023-08-09,22:55:00,209,stop,2_stop
418,2,2023-08-10 19:42:43+07:00,2023-08-10,19:45:00,210,start,2_start
419,2,2023-08-10 21:30:49+07:00,2023-08-10,21:30:00,210,stop,2_stop
420,2,2023-08-11 19:44:58+07:00,2023-08-11,19:45:00,211,start,2_start
421,2,2023-08-11 21:13:10+07:00,2023-08-11,21:15:00,211,stop,2_stop
422,2,2023-08-12 19:54:25+07:00,2023-08-12,19:55:00,212,start,2_start
423,2,2023-08-12 21:15:33+07:00,2023-08-12,21:15:00,212,stop,2_stop
424,2,2023-08-13 20:11:04+07:00,2023-08-13,20:10:00,213,start,2_start
425,2,2023-08-13 21:40:26+07:00,2023-08-13,21:40:00,213,stop,2_stop
426,2,2023-08-14 20:37:26+07:00,2023-08-14,20:35:00,214,start,2_start
427,2,2023-08-14 22:38:40+07:00,2023-08-14,22:40:00,214,stop,2_stop
428,2,2023-08-15 23:34:39+07:00,2023-08-15,23:35:00,215,start,2_start
429,2,2023-08-16 01:01:36+07:00,2023-08-16,01:00:00,215,stop,2_stop
430,2,2023-08-23 20:33:30+07:00,2023-08-23,20:35:00,216,start,2_start
431,2,2023-08-23 21:35:05+07:00,2023-08-23,21:35:00,216,stop,2_stop
432,2,2023-08-24 20:35:49+07:00,2023-08-24,20:35:00,217,start,2_start
433,2,2023-08-24 22:30:31+07:00,2023-08-24,22:30:00,217,stop,2_stop
434,2,2023-08-25 19:55:56+07:00,2023-08-25,19:55:00,218,start,2_start
435,2,2023-08-25 21:59:34+07:00,2023-08-25,22:00:00,218,stop,2_stop
436,2,2023-08-26 07:45:51+07:00,2023-08-26,07:45:00,219,start,2_start
437,2,2023-08-26 09:00:10+07:00,2023-08-26,09:00:00,219,stop,2_stop
438,2,2023-09-21 20:22:52+07:00,2023-09-21,20:25:00,220,start,2_start
439,2,2023-09-21 21:24:46+07:00,2023-09-21,21:25:00,220,stop,2_stop
440,2,2023-09-22 19:38:01+07:00,2023-09-22,19:40:00,221,start,2_start
441,2,2023-09-22 21:07:43+07:00,2023-09-22,21:10:00,221,stop,2_stop
442,2,2023-09-23 17:56:16+07:00,2023-09-23,17:55:00,222,start,2_start
443,2,2023-09-23 19:46:09+07:00,2023-09-23,19:45:00,222,stop,2_stop
444,2,2023-09-24 17:14:28+07:00,2023-09-24,17:15:00,223,start,2_start
445,2,2023-09-24 19:03:23+07:00,2023-09-24,19:05:00,223,stop,2_stop
446,2,2023-09-27 19:48:27+07:00,2023-09-27,19:50:00,224,start,2_start
447,2,2023-09-27 21:12:44+07:00,2023-09-27,21:15:00,224,stop,2_stop
448,2,2023-09-28 18:56:47+07:00,2023-09-28,18:55:00,225,start,2_start
449,2,2023-09-28 20:25:19+07:00,2023-09-28,20:25:00,225,stop,2_stop
450,2,2023-09-29 20:19:48+07:00,2023-09-29,20:20:00,226,start,2_start
451,2,2023-09-29 21:37:56+07:00,2023-09-29,21:40:00,226,stop,2_stop
452,2,2023-09-30 18:25:08+07:00,2023-09-30,18:25:00,227,start,2_start
453,2,2023-09-30 20:15:25+07:00,2023-09-30,20:15:00,227,stop,2_stop
454,2,2023-10-01 19:05:11+07:00,2023-10-01,19:05:00,228,start,2_start
455,2,2023-10-01 20:24:42+07:00,2023-10-01,20:25:00,228,stop,2_stop
456,2,2023-10-02 19:37:01+07:00,2023-10-02,19:35:00,229,start,2_start
457,2,2023-10-02 19:47:44+07:00,2023-10-02,19:50:00,229,stop,2_stop
458,2,2023-10-02 20:28:57+07:00,2023-10-02,20:30:00,230,start,2_start
459,2,2023-10-02 21:44:50+07:00,2023-10-02,21:45:00,230,stop,2_stop
460,2,2023-10-03 20:00:04+07:00,2023-10-03,20:00:00,231,start,2_start
461,2,2023-10-03 21:38:56+07:00,2023-10-03,21:40:00,231,stop,2_stop
462,2,2023-10-04 18:55:48+07:00,2023-10-04,18:55:00,232,start,2_start
463,2,2023-10-04 20:25:53+07:00,2023-10-04,20:25:00,232,stop,2_stop
464,2,2023-10-05 19:57:13+07:00,2023-10-05,19:55:00,233,start,2_start
465,2,2023-10-05 21:39:15+07:00,2023-10-05,21:40:00,233,stop,2_stop
466,2,2023-10-06 18:55:53+07:00,2023-10-06,18:55:00,234,start,2_start
467,2,2023-10-06 20:20:27+07:00,2023-10-06,20:20:00,234,stop,2_stop
468,2,2023-10-06 20:54:50+07:00,2023-10-06,20:55:00,235,start,2_start
469,2,2023-10-06 21:05:38+07:00,2023-10-06,21:05:00,235,stop,2_stop
470,2,2023-10-07 19:15:03+07:00,2023-10-07,19:15:00,236,start,2_start
471,2,2023-10-07 20:42:30+07:00,2023-10-07,20:40:00,236,stop,2_stop
472,2,2023-10-08 19:49:20+07:00,2023-10-08,19:50:00,237,start,2_start
473,2,2023-10-08 21:04:16+07:00,2023-10-08,21:05:00,237,stop,2_stop
474,2,2023-10-09 19:22:17+07:00,2023-10-09,19:20:00,238,start,2_start
475,2,2023-10-09 20:44:32+07:00,2023-10-09,20:45:00,238,stop,2_stop
476,2,2023-10-10 18:47:23+07:00,2023-10-10,18:45:00,239,start,2_start
477,2,2023-10-10 20:09:21+07:00,2023-10-10,20:10:00,239,stop,2_stop
478,2,2023-10-11 19:02:10+07:00,2023-10-11,19:00:00,240,start,2_start
479,2,2023-10-11 20:14:55+07:00,2023-10-11,20:15:00,240,stop,2_stop
480,2,2023-10-12 19:47:39+07:00,2023-10-12,19:50:00,241,start,2_start
481,2,2023-10-12 21:50:28+07:00,2023-10-12,21:50:00,241,stop,2_stop
482,2,2023-10-13 18:45:56+07:00,2023-10-13,18:45:00,242,start,2_start
483,2,2023-10-13 20:41:09+07:00,2023-10-13,20:40:00,242,stop,2_stop
484,2,2023-10-14 17:11:13+07:00,2023-10-14,17:10:00,243,start,2_start
485,2,2023-10-14 19:17:34+07:00,2023-10-14,19:20:00,243,stop,2_stop
486,2,2023-10-15 20:12:53+07:00,2023-10-15,20:15:00,244,start,2_start
487,2,2023-10-15 21:48:37+07:00,2023-10-15,21:50:00,244,stop,2_stop
488,2,2023-10-16 19:59:21+07:00,2023-10-16,20:00:00,245,start,2_start
489,2,2023-10-16 21:25:32+07:00,2023-10-16,21:25:00,245,stop,2_stop
490,2,2023-10-17 19:26:31+07:00,2023-10-17,19:25:00,246,start,2_start
491,2,2023-10-17 20:33:51+07:00,2023-10-17,20:35:00,246,stop,2_stop
492,2,2023-10-18 21:01:27+07:00,2023-10-18,21:00:00,247,start,2_start
493,2,2023-10-18 22:04:38+07:00,2023-10-18,22:05:00,247,stop,2_stop
494,2,2023-10-19 19:28:41+07:00,2023-10-19,19:30:00,248,start,2_start
495,2,2023-10-19 20:48:53+07:00,2023-10-19,20:50:00,248,stop,2_stop
496,2,2023-10-20 19:14:35+07:00,2023-10-20,19:15:00,249,start,2_start
497,2,2023-10-20 20:28:11+07:00,2023-10-20,20:30:00,249,stop,2_stop
498,2,2023-10-21 19:06:01+07:00,2023-10-21,19:05:00,250,start,2_start
499,2,2023-10-21 20:08:47+07:00,2023-10-21,20:10:00,250,stop,2_stop
500,2,2023-10-22 17:05:12+07:00,2023-10-22,17:05:00,251,start,2_start
501,2,2023-10-22 17:33:46+07:00,2023-10-22,17:35:00,251,stop,2_stop
502,2,2023-10-22 21:11:01+07:00,2023-10-22,21:10:00,252,start,2_start
503,2,2023-10-22 21:57:21+07:00,2023-10-22,21:55:00,252,stop,2_stop
504,2,2023-10-23 21:24:43+07:00,2023-10-23,21:25:00,253,start,2_start
505,2,2023-10-23 22:37:51+07:00,2023-10-23,22:40:00,253,stop,2_stop
506,2,2023-10-24 20:30:45+07:00,2023-10-24,20:30:00,254,start,2_start
507,2,2023-10-24 21:42:34+07:00,2023-10-24,21:45:00,254,stop,2_stop
508,2,2023-10-25 20:55:11+07:00,2023-10-25,20:55:00,255,start,2_start
509,2,2023-10-25 22:29:47+07:00,2023-10-25,22:30:00,255,stop,2_stop
510,2,2023-10-26 19:30:26+07:00,2023-10-26,19:30:00,256,start,2_start
511,2,2023-10-26 21:13:15+07:00,2023-10-26,21:15:00,256,stop,2_stop
512,2,2023-10-27 18:17:57+07:00,2023-10-27,18:20:00,257,start,2_start
513,2,2023-10-27 19:34:55+07:00,2023-10-27,19:35:00,257,stop,2_stop
514,2,2023-10-28 20:47:11+07:00,2023-10-28,20:45:00,258,start,2_start
515,2,2023-10-28 21:47:36+07:00,2023-10-28,21:50:00,258,stop,2_stop
516,2,2023-10-29 19:43:27+07:00,2023-10-29,19:45:00,259,start,2_start
517,2,2023-10-29 20:58:28+07:00,2023-10-29,21:00:00,259,stop,2_stop
518,2,2023-10-30 16:18:56+07:00,2023-10-30,16:20:00,260,start,2_start
519,2,2023-10-30 17:30:13+07:00,2023-10-30,17:30:00,260,stop,2_stop
520,2,2023-10-31 20:33:19+07:00,2023-10-31,20:35:00,261,start,2_start
521,2,2023-10-31 21:37:30+07:00,2023-10-31,21:40:00,261,stop,2_stop
522,2,2023-11-02 15:28:05+07:00,2023-11-02,15:30:00,262,start,2_start
523,2,2023-11-02 16:54:45+07:00,2023-11-02,16:55:00,262,stop,2_stop
524,2,2023-11-02 17:31:15+07:00,2023-11-02,17:30:00,263,start,2_start
525,2,2023-11-02 18:21:05+07:00,2023-11-02,18:20:00,263,stop,2_stop
526,2,2023-11-03 20:19:16+07:00,2023-11-03,20:20:00,264,start,2_start
527,2,2023-11-03 22:03:32+07:00,2023-11-03,22:05:00,264,stop,2_stop
528,2,2023-11-04 20:27:17+07:00,2023-11-04,20:25:00,265,start,2_start
529,2,2023-11-04 22:13:16+07:00,2023-11-04,22:15:00,265,stop,2_stop
530,2,2023-11-05 19:13:37+07:00,2023-11-05,19:15:00,266,start,2_start
531,2,2023-11-05 21:13:05+07:00,2023-11-05,21:15:00,266,stop,2_stop
532,2,2023-11-07 00:15:42+07:00,2023-11-07,00:15:00,267,start,2_start
533,2,2023-11-07 02:01:24+07:00,2023-11-07,02:00:00,267,stop,2_stop
534,2,2023-11-07 17:15:55+07:00,2023-11-07,17:15:00,268,start,2_start
535,2,2023-11-07 17:59:40+07:00,2023-11-07,18:00:00,268,stop,2_stop
536,2,2023-11-07 19:27:29+07:00,2023-11-07,19:25:00,269,start,2_start
537,2,2023-11-07 20:15:06+07:00,2023-11-07,20:15:00,269,stop,2_stop
538,2,2023-11-08 19:24:56+07:00,2023-11-08,19:25:00,270,start,2_start
539,2,2023-11-08 21:07:00+07:00,2023-11-08,21:05:00,270,stop,2_stop
540,2,2023-11-09 19:41:46+07:00,2023-11-09,19:40:00,271,start,2_start
541,2,2023-11-09 20:50:02+07:00,2023-11-09,20:50:00,271,stop,2_stop
542,2,2023-11-10 00:36:05+07:00,2023-11-10,00:35:00,272,start,2_start
543,2,2023-11-10 00:59:56+07:00,2023-11-10,01:00:00,272,stop,2_stop
544,2,2023-11-10 19:45:26+07:00,2023-11-10,19:45:00,273,start,2_start
545,2,2023-11-10 21:17:41+07:00,2023-11-10,21:20:00,273,stop,2_stop
546,2,2023-11-11 19:28:47+07:00,2023-11-11,19:30:00,274,start,2_start
547,2,2023-11-11 19:38:30+07:00,2023-11-11,19:40:00,274,stop,2_stop
548,2,2023-11-11 20:46:15+07:00,2023-11-11,20:45:00,275,start,2_start
549,2,2023-11-11 22:07:23+07:00,2023-11-11,22:05:00,275,stop,2_stop
550,2,2023-11-12 19:21:56+07:00,2023-11-12,19:20:00,276,start,2_start
551,2,2023-11-12 21:04:28+07:00,2023-11-12,21:05:00,276,stop,2_stop
552,2,2023-11-13 18:40:27+07:00,2023-11-13,18:40:00,277,start,2_start
553,2,2023-11-13 19:51:15+07:00,2023-11-13,19:50:00,277,stop,2_stop
554,2,2023-11-13 20:29:27+07:00,2023-11-13,20:30:00,278,start,2_start
555,2,2023-11-13 20:39:14+07:00,2023-11-13,20:40:00,278,stop,2_stop
556,2,2023-11-14 10:17:36+07:00,2023-11-14,10:20:00,279,start,2_start
557,2,2023-11-14 10:29:30+07:00,2023-11-14,10:30:00,279,stop,2_stop
558,2,2023-11-14 15:41:50+07:00,2023-11-14,15:40:00,280,start,2_start
559,2,2023-11-14 15:54:49+07:00,2023-11-14,15:55:00,280,stop,2_stop
560,2,2023-11-14 16:40:56+07:00,2023-11-14,16:40:00,281,start,2_start
561,2,2023-11-14 18:24:11+07:00,2023-11-14,18:25:00,281,stop,2_stop
562,2,2023-11-15 19:50:20+07:00,2023-11-15,19:50:00,282,start,2_start
563,2,2023-11-15 21:27:24+07:00,2023-11-15,21:25:00,282,stop,2_stop
564,2,2023-11-16 18:11:30+07:00,2023-11-16,18:10:00,283,start,2_start
565,2,2023-11-16 19:54:14+07:00,2023-11-16,19:55:00,283,stop,2_stop
566,2,2023-11-17 19:05:34+07:00,2023-11-17,19:05:00,284,start,2_start
567,2,2023-11-17 20:20:20+07:00,2023-11-17,20:20:00,284,stop,2_stop
568,2,2023-12-21 19:45:16+07:00,2023-12-21,19:45:00,285,start,2_start
569,2,2023-12-21 21:18:30+07:00,2023-12-21,21:20:00,285,stop,2_stop
570,2,2023-12-22 20:28:07+07:00,2023-12-22,20:30:00,286,start,2_start
571,2,2023-12-22 21:50:07+07:00,2023-12-22,21:50:00,286,stop,2_stop
572,2,2023-12-23 19:46:59+07:00,2023-12-23,19:45:00,287,start,2_start
573,2,2023-12-23 21:31:03+07:00,2023-12-23,21:30:00,287,stop,2_stop
574,2,2023-12-24 19:06:52+07:00,2023-12-24,19:05:00,288,start,2_start
575,2,2023-12-24 21:00:31+07:00,2023-12-24,21:00:00,288,stop,2_stop
576,2,2023-12-25 18:37:05+07:00,2023-12-25,18:35:00,289,start,2_start
577,2,2023-12-25 20:15:44+07:00,2023-12-25,20:15:00,289,stop,2_stop
578,2,2023-12-26 19:30:26+07:00,2023-12-26,19:30:00,290,start,2_start
579,2,2023-12-26 21:28:30+07:00,2023-12-26,21:30:00,290,stop,2_stop
580,2,2023-12-27 20:25:33+07:00,2023-12-27,20:25:00,291,start,2_start
581,2,2023-12-27 21:59:47+07:00,2023-12-27,22:00:00,291,stop,2_stop
582,2,2023-12-28 18:33:19+07:00,2023-12-28,18:35:00,292,start,2_start
583,2,2023-12-28 20:24:55+07:00,2023-12-28,20:25:00,292,stop,2_stop
584,2,2023-12-29 16:37:28+07:00,2023-12-29,16:35:00,293,start,2_start
585,2,2023-12-29 18:12:04+07:00,2023-12-29,18:10:00,293,stop,2_stop
586,2,2023-12-30 08:53:23+07:00,2023-12-30,08:55:00,294,start,2_start
587,2,2023-12-30 09:36:57+07:00,2023-12-30,09:35:00,294,stop,2_stop
588,2,2024-01-02 20:36:48+07:00,2024-01-02,20:35:00,295,start,2_start
589,2,2024-01-02 22:07:22+07:00,2024-01-02,22:05:00,295,stop,2_stop
590,2,2024-01-03 18:39:36+07:00,2024-01-03,18:40:00,296,start,2_start
591,2,2024-01-03 20:12:05+07:00,2024-01-03,20:10:00,296,stop,2_stop
592,2,2024-01-04 18:28:01+07:00,2024-01-04,18:30:00,297,start,2_start
593,2,2024-01-04 20:03:28+07:00,2024-01-04,20:05:00,297,stop,2_stop
594,2,2024-01-05 19:13:33+07:00,2024-01-05,19:15:00,298,start,2_start
595,2,2024-01-05 20:46:55+07:00,2024-01-05,20:45:00,298,stop,2_stop
596,2,2024-01-06 19:05:17+07:00,2024-01-06,19:05:00,299,start,2_start
597,2,2024-01-06 20:53:42+07:00,2024-01-06,20:55:00,299,stop,2_stop
598,2,2024-01-07 18:47:53+07:00,2024-01-07,18:50:00,300,start,2_start
599,2,2024-01-07 20:43:58+07:00,2024-01-07,20:45:00,300,stop,2_stop
600,2,2024-01-08 19:37:26+07:00,2024-01-08,19:35:00,301,start,2_start
601,2,2024-01-08 21:06:49+07:00,2024-01-08,21:05:00,301,stop,2_stop
602,2,2024-01-09 19:33:15+07:00,2024-01-09,19:35:00,302,start,2_start
603,2,2024-01-09 21:11:52+07:00,2024-01-09,21:10:00,302,stop,2_stop
604,2,2024-01-10 20:11:54+07:00,2024-01-10,20:10:00,303,start,2_start
605,2,2024-01-10 21:48:23+07:00,2024-01-10,21:50:00,303,stop,2_stop
606,2,2024-01-11 19:50:17+07:00,2024-01-11,19:50:00,304,start,2_start
607,2,2024-01-11 21:15:23+07:00,2024-01-11,21:15:00,304,stop,2_stop
608,2,2024-01-12 18:57:43+07:00,2024-01-12,19:00:00,305,start,2_start
609,2,2024-01-12 20:30:12+07:00,2024-01-12,20:30:00,305,stop,2_stop
610,2,2024-01-13 18:33:02+07:00,2024-01-13,18:35:00,306,start,2_start
611,2,2024-01-13 20:17:31+07:00,2024-01-13,20:20:00,306,stop,2_stop
612,2,2024-01-14 17:00:58+07:00,2024-01-14,17:00:00,307,start,2_start
613,2,2024-01-14 18:27:57+07:00,2024-01-14,18:30:00,307,stop,2_stop
614,2,2024-01-15 18:26:39+07:00,2024-01-15,18:25:00,308,start,2_start
615,2,2024-01-15 20:15:21+07:00,2024-01-15,20:15:00,308,stop,2_stop
616,2,2024-01-16 20:26:46+07:00,2024-01-16,20:25:00,309,start,2_start
617,2,2024-01-16 22:06:41+07:00,2024-01-16,22:05:00,309,stop,2_stop
618,2,2024-01-17 23:57:53+07:00,2024-01-17,00:00:00,310,start,2_start
619,2,2024-01-18 01:25:33+07:00,2024-01-18,01:25:00,310,stop,2_stop
620,2,2024-01-18 23:59:06+07:00,2024-01-18,00:00:00,311,start,2_start
621,2,2024-01-19 01:44:13+07:00,2024-01-19,01:45:00,311,stop,2_stop
622,2,2024-01-20 00:06:24+07:00,2024-01-20,00:05:00,312,start,2_start
623,2,2024-01-20 01:35:23+07:00,2024-01-20,01:35:00,312,stop,2_stop
624,2,2024-01-21 00:04:11+07:00,2024-01-21,00:05:00,313,start,2_start
625,2,2024-01-21 01:43:50+07:00,2024-01-21,01:45:00,313,stop,2_stop
626,2,2024-01-21 23:43:37+07:00,2024-01-21,23:45:00,314,start,2_start
627,2,2024-01-22 01:24:39+07:00,2024-01-22,01:25:00,314,stop,2_stop
628,2,2024-01-23 00:10:01+07:00,2024-01-23,00:10:00,315,start,2_start
629,2,2024-01-23 01:36:05+07:00,2024-01-23,01:35:00,315,stop,2_stop
630,2,2024-01-23 23:51:20+07:00,2024-01-23,23:50:00,316,start,2_start
631,2,2024-01-24 01:25:18+07:00,2024-01-24,01:25:00,316,stop,2_stop
632,2,2024-01-25 01:47:07+07:00,2024-01-25,01:45:00,317,start,2_start
633,2,2024-01-25 02:55:35+07:00,2024-01-25,02:55:00,317,stop,2_stop
634,2,2024-01-25 20:24:34+07:00,2024-01-25,20:25:00,318,start,2_start
635,2,2024-01-25 22:03:23+07:00,2024-01-25,22:05:00,318,stop,2_stop
636,2,2024-01-26 20:44:44+07:00,2024-01-26,20:45:00,319,start,2_start
637,2,2024-01-26 22:30:15+07:00,2024-01-26,22:30:00,319,stop,2_stop
638,2,2024-01-27 18:08:44+07:00,2024-01-27,18:10:00,320,start,2_start
639,2,2024-01-27 19:55:50+07:00,2024-01-27,19:55:00,320,stop,2_stop
640,2,2024-01-28 20:17:51+07:00,2024-01-28,20:20:00,321,start,2_start
641,2,2024-01-28 21:30:45+07:00,2024-01-28,21:30:00,321,stop,2_stop
642,3,2023-01-31 00:32:23+07:00,2023-01-31,00:30:00,322,start,3_start
643,3,2023-01-31 02:49:44+07:00,2023-01-31,02:50:00,322,stop,3_stop
644,3,2023-01-31 23:57:12+07:00,2023-01-31,23:55:00,323,start,3_start
645,3,2023-02-01 03:18:56+07:00,2023-02-01,03:20:00,323,stop,3_stop
646,3,2023-02-02 00:10:46+07:00,2023-02-02,00:10:00,324,start,3_start
647,3,2023-02-02 00:32:50+07:00,2023-02-02,00:35:00,324,stop,3_stop
648,3,2023-02-02 02:00:45+07:00,2023-02-02,02:00:00,325,start,3_start
649,3,2023-02-02 04:30:15+07:00,2023-02-02,04:30:00,325,stop,3_stop
650,3,2023-02-02 05:05:45+07:00,2023-02-02,05:05:00,326,start,3_start
651,3,2023-02-02 05:40:27+07:00,2023-02-02,05:40:00,326,stop,3_stop
652,3,2023-02-02 10:03:55+07:00,2023-02-02,10:05:00,327,start,3_start
653,3,2023-02-02 10:16:59+07:00,2023-02-02,10:15:00,327,stop,3_stop
654,3,2023-02-02 14:21:32+07:00,2023-02-02,14:20:00,328,start,3_start
655,3,2023-02-02 14:36:48+07:00,2023-02-02,14:35:00,328,stop,3_stop
656,3,2023-02-02 15:21:04+07:00,2023-02-02,15:20:00,329,start,3_start
657,3,2023-02-02 16:12:43+07:00,2023-02-02,16:15:00,329,stop,3_stop
658,3,2023-02-03 02:41:24+07:00,2023-02-03,02:40:00,330,start,3_start
659,3,2023-02-03 04:57:20+07:00,2023-02-03,04:55:00,330,stop,3_stop
660,3,2023-02-03 09:58:20+07:00,2023-02-03,10:00:00,331,start,3_start
661,3,2023-02-03 10:04:37+07:00,2023-02-03,10:05:00,331,stop,3_stop
662,3,2023-02-03 10:36:09+07:00,2023-02-03,10:35:00,332,start,3_start
663,3,2023-02-03 10:43:00+07:00,2023-02-03,10:45:00,332,stop,3_stop
664,3,2023-02-04 00:01:57+07:00,2023-02-04,00:00:00,333,start,3_start
665,3,2023-02-04 02:31:12+07:00,2023-02-04,02:30:00,333,stop,3_stop
666,3,2023-02-05 00:40:41+07:00,2023-02-05,00:40:00,334,start,3_start
667,3,2023-02-05 02:51:28+07:00,2023-02-05,02:50:00,334,stop,3_stop
668,3,2023-02-06 00:11:52+07:00,2023-02-06,00:10:00,335,start,3_start
669,3,2023-02-06 02:24:56+07:00,2023-02-06,02:25:00,335,stop,3_stop
670,3,2023-02-06 14:01:01+07:00,2023-02-06,14:00:00,336,start,3_start
671,3,2023-02-06 14:41:18+07:00,2023-02-06,14:40:00,336,stop,3_stop
672,3,2023-02-07 00:13:37+07:00,2023-02-07,00:15:00,337,start,3_start
673,3,2023-02-07 02:30:20+07:00,2023-02-07,02:30:00,337,stop,3_stop
674,3,2023-02-08 00:02:22+07:00,2023-02-08,00:00:00,338,start,3_start
675,3,2023-02-08 02:11:20+07:00,2023-02-08,02:10:00,338,stop,3_stop
676,3,2023-02-09 00:17:14+07:00,2023-02-09,00:15:00,339,start,3_start
677,3,2023-02-09 02:48:27+07:00,2023-02-09,02:50:00,339,stop,3_stop
678,3,2023-02-10 00:26:13+07:00,2023-02-10,00:25:00,340,start,3_start
679,3,2023-02-10 02:30:58+07:00,2023-02-10,02:30:00,340,stop,3_stop
680,3,2023-02-11 00:39:33+07:00,2023-02-11,00:40:00,341,start,3_start
681,3,2023-02-11 03:42:33+07:00,2023-02-11,03:45:00,341,stop,3_stop
682,3,2023-02-12 00:28:41+07:00,2023-02-12,00:30:00,342,start,3_start
683,3,2023-02-12 04:05:16+07:00,2023-02-12,04:05:00,342,stop,3_stop
684,3,2023-02-13 00:21:56+07:00,2023-02-13,00:20:00,343,start,3_start
685,3,2023-02-13 03:01:56+07:00,2023-02-13,03:00:00,343,stop,3_stop
686,3,2023-02-14 00:07:34+07:00,2023-02-14,00:10:00,344,start,3_start
687,3,2023-02-14 02:37:10+07:00,2023-02-14,02:35:00,344,stop,3_stop
688,3,2023-02-15 00:42:33+07:00,2023-02-15,00:45:00,345,start,3_start
689,3,2023-02-15 02:20:42+07:00,2023-02-15,02:20:00,345,stop,3_stop
690,3,2023-02-16 00:31:29+07:00,2023-02-16,00:30:00,346,start,3_start
691,3,2023-02-16 01:01:47+07:00,2023-02-16,01:00:00,346,stop,3_stop
692,3,2023-02-16 01:36:34+07:00,2023-02-16,01:35:00,347,start,3_start
693,3,2023-02-16 03:17:06+07:00,2023-02-16,03:15:00,347,stop,3_stop
694,3,2023-02-16 23:31:23+07:00,2023-02-16,23:30:00,348,start,3_start
695,3,2023-02-17 01:12:01+07:00,2023-02-17,01:10:00,348,stop,3_stop
696,3,2023-02-18 00:45:59+07:00,2023-02-18,00:45:00,349,start,3_start
697,3,2023-02-18 02:55:03+07:00,2023-02-18,02:55:00,349,stop,3_stop
698,3,2023-02-18 23:34:52+07:00,2023-02-18,23:35:00,350,start,3_start
699,3,2023-02-19 01:27:04+07:00,2023-02-19,01:25:00,350,stop,3_stop
700,3,2023-02-20 00:23:45+07:00,2023-02-20,00:25:00,351,start,3_start
701,3,2023-02-20 02:46:59+07:00,2023-02-20,02:45:00,351,stop,3_stop
702,3,2023-02-22 00:36:33+07:00,2023-02-22,00:35:00,352,start,3_start
703,3,2023-02-22 03:50:55+07:00,2023-02-22,03:50:00,352,stop,3_stop
704,3,2023-02-23 00:14:24+07:00,2023-02-23,00:15:00,353,start,3_start
705,3,2023-02-23 03:29:59+07:00,2023-02-23,03:30:00,353,stop,3_stop
706,3,2023-02-23 23:47:07+07:00,2023-02-23,23:45:00,354,start,3_start
707,3,2023-02-24 00:47:21+07:00,2023-02-24,00:45:00,354,stop,3_stop
708,3,2023-02-24 01:55:15+07:00,2023-02-24,01:55:00,355,start,3_start
709,3,2023-02-24 03:28:27+07:00,2023-02-24,03:30:00,355,stop,3_stop
710,3,2023-02-24 23:50:54+07:00,2023-02-24,23:50:00,356,start,3_start
711,3,2023-02-25 02:34:23+07:00,2023-02-25,02:35:00,356,stop,3_stop
712,3,2023-02-26 00:20:04+07:00,2023-02-26,00:20:00,357,start,3_start
713,3,2023-02-26 02:41:14+07:00,2023-02-26,02:40:00,357,stop,3_stop
714,3,2023-02-27 01:28:32+07:00,2023-02-27,01:30:00,358,start,3_start
715,3,2023-02-27 03:49:52+07:00,2023-02-27,03:50:00,358,stop,3_stop
716,3,2023-02-27 23:56:45+07:00,2023-02-27,23:55:00,359,start,3_start
717,3,2023-02-28 02:17:24+07:00,2023-02-28,02:15:00,359,stop,3_stop
718,3,2023-03-01 00:46:00+07:00,2023-03-01,00:45:00,360,start,3_start
719,3,2023-03-01 03:08:46+07:00,2023-03-01,03:10:00,360,stop,3_stop
720,3,2023-03-02 00:06:21+07:00,2023-03-02,00:05:00,361,start,3_start
721,3,2023-03-02 02:02:58+07:00,2023-03-02,02:05:00,361,stop,3_stop
722,3,2023-03-03 00:29:40+07:00,2023-03-03,00:30:00,362,start,3_start
723,3,2023-03-03 02:55:33+07:00,2023-03-03,02:55:00,362,stop,3_stop
724,3,2023-03-04 03:16:46+07:00,2023-03-04,03:15:00,363,start,3_start
725,3,2023-03-04 05:36:49+07:00,2023-03-04,05:35:00,363,stop,3_stop
726,3,2023-03-05 00:10:25+07:00,2023-03-05,00:10:00,364,start,3_start
727,3,2023-03-05 02:38:29+07:00,2023-03-05,02:40:00,364,stop,3_stop
728,3,2023-03-06 00:42:35+07:00,2023-03-06,00:45:00,365,start,3_start
729,3,2023-03-06 03:15:08+07:00,2023-03-06,03:15:00,365,stop,3_stop
730,3,2023-03-06 23:59:14+07:00,2023-03-06,00:00:00,366,start,3_start
731,3,2023-03-07 02:17:47+07:00,2023-03-07,02:20:00,366,stop,3_stop
732,3,2023-03-07 23:52:53+07:00,2023-03-07,23:55:00,367,start,3_start
733,3,2023-03-08 01:57:57+07:00,2023-03-08,02:00:00,367,stop,3_stop
734,3,2023-03-09 00:23:17+07:00,2023-03-09,00:25:00,368,start,3_start
735,3,2023-03-09 02:49:06+07:00,2023-03-09,02:50:00,368,stop,3_stop
736,3,2023-03-09 23:46:56+07:00,2023-03-09,23:45:00,369,start,3_start
737,3,2023-03-10 02:18:42+07:00,2023-03-10,02:20:00,369,stop,3_stop
738,3,2023-03-11 00:16:38+07:00,2023-03-11,00:15:00,370,start,3_start
739,3,2023-03-11 02:16:31+07:00,2023-03-11,02:15:00,370,stop,3_stop
740,3,2023-03-12 00:30:06+07:00,2023-03-12,00:30:00,371,start,3_start
741,3,2023-03-12 02:31:49+07:00,2023-03-12,02:30:00,371,stop,3_stop
742,3,2023-03-13 00:42:00+07:00,2023-03-13,00:40:00,372,start,3_start
743,3,2023-03-13 03:04:37+07:00,2023-03-13,03:05:00,372,stop,3_stop
744,3,2023-03-14 00:41:00+07:00,2023-03-14,00:40:00,373,start,3_start
745,3,2023-03-14 03:14:00+07:00,2023-03-14,03:15:00,373,stop,3_stop
746,3,2023-03-15 00:00:29+07:00,2023-03-15,00:00:00,374,start,3_start
747,3,2023-03-15 03:31:05+07:00,2023-03-15,03:30:00,374,stop,3_stop
748,3,2023-03-15 23:51:24+07:00,2023-03-15,23:50:00,375,start,3_start
749,3,2023-03-16 01:27:18+07:00,2023-03-16,01:25:00,375,stop,3_stop
750,3,2023-03-16 23:28:54+07:00,2023-03-16,23:30:00,376,start,3_start
751,3,2023-03-17 02:10:48+07:00,2023-03-17,02:10:00,376,stop,3_stop
752,3,2023-03-17 23:49:10+07:00,2023-03-17,23:50:00,377,start,3_start
753,3,2023-03-18 01:44:50+07:00,2023-03-18,01:45:00,377,stop,3_stop
754,3,2023-03-18 23:40:40+07:00,2023-03-18,23:40:00,378,start,3_start
755,3,2023-03-19 01:56:26+07:00,2023-03-19,01:55:00,378,stop,3_stop
756,3,2023-03-20 00:02:33+07:00,2023-03-20,00:05:00,379,start,3_start
757,3,2023-03-20 02:20:16+07:00,2023-03-20,02:20:00,379,stop,3_stop
758,3,2023-03-21 01:12:23+07:00,2023-03-21,01:10:00,380,start,3_start
759,3,2023-03-21 03:57:44+07:00,2023-03-21,04:00:00,380,stop,3_stop
760,3,2023-03-21 23:42:53+07:00,2023-03-21,23:45:00,381,start,3_start
761,3,2023-03-22 01:34:52+07:00,2023-03-22,01:35:00,381,stop,3_stop
762,3,2023-03-23 00:24:40+07:00,2023-03-23,00:25:00,382,start,3_start
763,3,2023-03-23 02:55:30+07:00,2023-03-23,02:55:00,382,stop,3_stop
764,3,2023-03-24 00:41:38+07:00,2023-03-24,00:40:00,383,start,3_start
765,3,2023-03-24 03:14:58+07:00,2023-03-24,03:15:00,383,stop,3_stop
766,3,2023-03-24 15:55:22+07:00,2023-03-24,15:55:00,384,start,3_start
767,3,2023-03-24 16:04:48+07:00,2023-03-24,16:05:00,384,stop,3_stop
768,3,2023-03-24 23:56:30+07:00,2023-03-24,23:55:00,385,start,3_start
769,3,2023-03-25 02:40:09+07:00,2023-03-25,02:40:00,385,stop,3_stop
770,3,2023-03-25 23:57:54+07:00,2023-03-25,00:00:00,386,start,3_start
771,3,2023-03-26 02:33:18+07:00,2023-03-26,02:35:00,386,stop,3_stop
772,3,2023-03-27 00:01:42+07:00,2023-03-27,00:00:00,387,start,3_start
773,3,2023-03-27 02:16:17+07:00,2023-03-27,02:15:00,387,stop,3_stop
774,3,2023-03-28 00:50:38+07:00,2023-03-28,00:50:00,388,start,3_start
775,3,2023-03-28 03:41:30+07:00,2023-03-28,03:40:00,388,stop,3_stop
776,3,2023-03-28 23:48:02+07:00,2023-03-28,23:50:00,389,start,3_start
777,3,2023-03-29 01:57:51+07:00,2023-03-29,02:00:00,389,stop,3_stop
778,3,2023-03-29 23:46:33+07:00,2023-03-29,23:45:00,390,start,3_start
779,3,2023-03-30 01:43:46+07:00,2023-03-30,01:45:00,390,stop,3_stop
780,3,2023-03-30 23:59:04+07:00,2023-03-30,00:00:00,391,start,3_start
781,3,2023-03-31 01:52:59+07:00,2023-03-31,01:55:00,391,stop,3_stop
782,3,2023-04-01 00:28:30+07:00,2023-04-01,00:30:00,392,start,3_start
783,3,2023-04-01 02:27:21+07:00,2023-04-01,02:25:00,392,stop,3_stop
784,3,2023-04-02 00:20:03+07:00,2023-04-02,00:20:00,393,start,3_start
785,3,2023-04-02 02:38:44+07:00,2023-04-02,02:40:00,393,stop,3_stop
786,3,2023-04-02 23:58:36+07:00,2023-04-02,00:00:00,394,start,3_start
787,3,2023-04-03 02:09:47+07:00,2023-04-03,02:10:00,394,stop,3_stop
788,3,2023-04-04 00:21:32+07:00,2023-04-04,00:20:00,395,start,3_start
789,3,2023-04-04 02:31:28+07:00,2023-04-04,02:30:00,395,stop,3_stop
790,3,2023-04-04 23:44:36+07:00,2023-04-04,23:45:00,396,start,3_start
791,3,2023-04-05 02:18:49+07:00,2023-04-05,02:20:00,396,stop,3_stop
792,3,2023-04-05 23:53:25+07:00,2023-04-05,23:55:00,397,start,3_start
793,3,2023-04-06 01:57:46+07:00,2023-04-06,02:00:00,397,stop,3_stop
794,3,2023-04-06 23:51:14+07:00,2023-04-06,23:50:00,398,start,3_start
795,3,2023-04-07 01:55:39+07:00,2023-04-07,01:55:00,398,stop,3_stop
796,3,2023-04-08 00:07:26+07:00,2023-04-08,00:05:00,399,start,3_start
797,3,2023-04-08 02:17:32+07:00,2023-04-08,02:20:00,399,stop,3_stop
798,3,2023-04-08 23:40:54+07:00,2023-04-08,23:40:00,400,start,3_start
799,3,2023-04-09 01:55:20+07:00,2023-04-09,01:55:00,400,stop,3_stop
800,3,2023-04-10 00:26:39+07:00,2023-04-10,00:25:00,401,start,3_start
801,3,2023-04-10 02:38:02+07:00,2023-04-10,02:40:00,401,stop,3_stop
802,3,2023-04-11 00:26:04+07:00,2023-04-11,00:25:00,402,start,3_start
803,3,2023-04-11 02:52:05+07:00,2023-04-11,02:50:00,402,stop,3_stop
804,3,2023-04-11 23:44:36+07:00,2023-04-11,23:45:00,403,start,3_start
805,3,2023-04-12 01:41:06+07:00,2023-04-12,01:40:00,403,stop,3_stop
806,3,2023-04-14 00:14:15+07:00,2023-04-14,00:15:00,404,start,3_start
807,3,2023-04-14 00:54:24+07:00,2023-04-14,00:55:00,404,stop,3_stop
808,3,2023-04-14 04:46:11+07:00,2023-04-14,04:45:00,405,start,3_start
809,3,2023-04-14 05:02:02+07:00,2023-04-14,05:00:00,405,stop,3_stop
810,3,2023-04-14 05:53:08+07:00,2023-04-14,05:55:00,406,start,3_start
811,3,2023-04-14 07:39:57+07:00,2023-04-14,07:40:00,406,stop,3_stop
812,3,2023-04-15 01:32:15+07:00,2023-04-15,01:30:00,407,start,3_start
813,3,2023-04-15 04:14:59+07:00,2023-04-15,04:15:00,407,stop,3_stop
814,3,2023-04-15 23:39:39+07:00,2023-04-15,23:40:00,408,start,3_start
815,3,2023-04-16 01:44:23+07:00,2023-04-16,01:45:00,408,stop,3_stop
816,3,2023-04-17 00:03:02+07:00,2023-04-17,00:05:00,409,start,3_start
817,3,2023-04-17 02:14:28+07:00,2023-04-17,02:15:00,409,stop,3_stop
818,3,2023-04-18 00:34:48+07:00,2023-04-18,00:35:00,410,start,3_start
819,3,2023-04-18 03:16:03+07:00,2023-04-18,03:15:00,410,stop,3_stop
820,3,2023-04-19 00:35:59+07:00,2023-04-19,00:35:00,411,start,3_start
821,3,2023-04-19 03:31:38+07:00,2023-04-19,03:30:00,411,stop,3_stop
822,3,2023-04-20 00:32:47+07:00,2023-04-20,00:35:00,412,start,3_start
823,3,2023-04-20 02:41:37+07:00,2023-04-20,02:40:00,412,stop,3_stop
824,3,2023-04-21 00:34:06+07:00,2023-04-21,00:35:00,413,start,3_start
825,3,2023-04-21 02:38:27+07:00,2023-04-21,02:40:00,413,stop,3_stop
826,3,2023-04-21 23:32:50+07:00,2023-04-21,23:35:00,414,start,3_start
827,3,2023-04-22 02:13:05+07:00,2023-04-22,02:15:00,414,stop,3_stop
828,3,2023-04-22 23:33:49+07:00,2023-04-22,23:35:00,415,start,3_start
829,3,2023-04-23 02:10:19+07:00,2023-04-23,02:10:00,415,stop,3_stop
830,3,2023-04-24 00:38:42+07:00,2023-04-24,00:40:00,416,start,3_start
831,3,2023-04-24 03:35:35+07:00,2023-04-24,03:35:00,416,stop,3_stop
832,3,2023-04-25 00:13:31+07:00,2023-04-25,00:15:00,417,start,3_start
833,3,2023-04-25 03:12:16+07:00,2023-04-25,03:10:00,417,stop,3_stop
834,3,2023-04-25 23:52:02+07:00,2023-04-25,23:50:00,418,start,3_start
835,3,2023-04-26 02:15:33+07:00,2023-04-26,02:15:00,418,stop,3_stop
836,3,2023-04-26 23:46:47+07:00,2023-04-26,23:45:00,419,start,3_start
837,3,2023-04-27 01:47:39+07:00,2023-04-27,01:50:00,419,stop,3_stop
838,3,2023-04-28 00:02:10+07:00,2023-04-28,00:00:00,420,start,3_start
839,3,2023-04-28 01:51:15+07:00,2023-04-28,01:50:00,420,stop,3_stop
840,3,2023-04-28 23:43:34+07:00,2023-04-28,23:45:00,421,start,3_start
841,3,2023-04-29 01:57:41+07:00,2023-04-29,02:00:00,421,stop,3_stop
842,3,2023-04-30 00:10:43+07:00,2023-04-30,00:10:00,422,start,3_start
843,3,2023-04-30 02:09:54+07:00,2023-04-30,02:10:00,422,stop,3_stop
844,3,2023-05-01 00:25:52+07:00,2023-05-01,00:25:00,423,start,3_start
845,3,2023-05-01 02:38:43+07:00,2023-05-01,02:40:00,423,stop,3_stop
846,3,2023-05-01 23:37:30+07:00,2023-05-01,23:40:00,424,start,3_start
847,3,2023-05-02 01:59:17+07:00,2023-05-02,02:00:00,424,stop,3_stop
848,3,2023-05-02 23:28:57+07:00,2023-05-02,23:30:00,425,start,3_start
849,3,2023-05-03 01:49:19+07:00,2023-05-03,01:50:00,425,stop,3_stop
850,3,2023-05-03 23:47:21+07:00,2023-05-03,23:45:00,426,start,3_start
851,3,2023-05-04 01:54:27+07:00,2023-05-04,01:55:00,426,stop,3_stop
852,3,2023-05-05 00:11:29+07:00,2023-05-05,00:10:00,427,start,3_start
853,3,2023-05-05 03:37:19+07:00,2023-05-05,03:35:00,427,stop,3_stop
854,3,2023-05-05 23:40:40+07:00,2023-05-05,23:40:00,428,start,3_start
855,3,2023-05-06 02:04:03+07:00,2023-05-06,02:05:00,428,stop,3_stop
856,3,2023-05-06 23:52:51+07:00,2023-05-06,23:55:00,429,start,3_start
857,3,2023-05-07 02:38:11+07:00,2023-05-07,02:40:00,429,stop,3_stop
858,3,2023-05-08 00:40:30+07:00,2023-05-08,00:40:00,430,start,3_start
859,3,2023-05-08 02:19:27+07:00,2023-05-08,02:20:00,430,stop,3_stop
860,3,2023-05-09 00:08:46+07:00,2023-05-09,00:10:00,431,start,3_start
861,3,2023-05-09 02:27:01+07:00,2023-05-09,02:25:00,431,stop,3_stop
862,3,2023-05-10 00:04:16+07:00,2023-05-10,00:05:00,432,start,3_start
863,3,2023-05-10 02:23:13+07:00,2023-05-10,02:25:00,432,stop,3_stop
864,3,2023-05-11 10:40:10+07:00,2023-05-11,10:40:00,433,start,3_start
865,3,2023-05-11 12:56:16+07:00,2023-05-11,12:55:00,433,stop,3_stop
866,3,2023-05-11 20:34:19+07:00,2023-05-11,20:35:00,434,start,3_start
867,3,2023-05-11 21:05:57+07:00,2023-05-11,21:05:00,434,stop,3_stop
868,3,2023-05-11 21:40:10+07:00,2023-05-11,21:40:00,435,start,3_start
869,3,2023-05-11 22:49:18+07:00,2023-05-11,22:50:00,435,stop,3_stop
870,3,2023-05-12 23:47:48+07:00,2023-05-12,23:50:00,436,start,3_start
871,3,2023-05-13 02:12:14+07:00,2023-05-13,02:10:00,436,stop,3_stop
872,3,2023-05-14 00:03:40+07:00,2023-05-14,00:05:00,437,start,3_start
873,3,2023-05-14 00:56:24+07:00,2023-05-14,00:55:00,437,stop,3_stop
874,3,2023-05-14 02:06:27+07:00,2023-05-14,02:05:00,438,start,3_start
875,3,2023-05-14 03:52:14+07:00,2023-05-14,03:50:00,438,stop,3_stop
876,3,2023-05-14 23:58:47+07:00,2023-05-14,00:00:00,439,start,3_start
877,3,2023-05-15 02:29:19+07:00,2023-05-15,02:30:00,439,stop,3_stop
878,3,2023-05-15 09:56:31+07:00,2023-05-15,09:55:00,440,start,3_start
879,3,2023-05-15 11:10:17+07:00,2023-05-15,11:10:00,440,stop,3_stop
880,3,2023-05-15 23:55:50+07:00,2023-05-15,23:55:00,441,start,3_start
881,3,2023-05-16 02:05:53+07:00,2023-05-16,02:05:00,441,stop,3_stop
882,3,2023-05-16 10:14:23+07:00,2023-05-16,10:15:00,442,start,3_start
883,3,2023-05-16 11:34:56+07:00,2023-05-16,11:35:00,442,stop,3_stop
884,3,2023-05-16 21:24:23+07:00,2023-05-16,21:25:00,443,start,3_start
885,3,2023-05-16 22:14:26+07:00,2023-05-16,22:15:00,443,stop,3_stop
886,3,2023-05-17 01:05:52+07:00,2023-05-17,01:05:00,444,start,3_start
887,3,2023-05-17 01:54:59+07:00,2023-05-17,01:55:00,444,stop,3_stop
888,3,2023-05-17 09:34:49+07:00,2023-05-17,09:35:00,445,start,3_start
889,3,2023-05-17 10:42:10+07:00,2023-05-17,10:40:00,445,stop,3_stop
890,3,2023-05-17 17:47:15+07:00,2023-05-17,17:45:00,446,start,3_start
891,3,2023-05-17 19:56:19+07:00,2023-05-17,19:55:00,446,stop,3_stop
892,3,2023-05-18 05:37:43+07:00,2023-05-18,05:40:00,447,start,3_start
893,3,2023-05-18 08:23:12+07:00,2023-05-18,08:25:00,447,stop,3_stop
894,3,2023-05-18 18:49:43+07:00,2023-05-18,18:50:00,448,start,3_start
895,3,2023-05-18 20:59:27+07:00,2023-05-18,21:00:00,448,stop,3_stop
896,3,2023-05-19 05:37:54+07:00,2023-05-19,05:40:00,449,start,3_start
897,3,2023-05-19 08:07:55+07:00,2023-05-19,08:10:00,449,stop,3_stop
898,3,2023-05-19 18:16:41+07:00,2023-05-19,18:15:00,450,start,3_start
899,3,2023-05-19 20:29:09+07:00,2023-05-19,20:30:00,450,stop,3_stop
900,3,2023-05-20 05:20:27+07:00,2023-05-20,05:20:00,451,start,3_start
901,3,2023-05-20 07:15:38+07:00,2023-05-20,07:15:00,451,stop,3_stop
902,3,2023-05-20 17:18:28+07:00,2023-05-20,17:20:00,452,start,3_start
903,3,2023-05-20 19:43:52+07:00,2023-05-20,19:45:00,452,stop,3_stop
904,3,2023-05-21 05:25:41+07:00,2023-05-21,05:25:00,453,start,3_start
905,3,2023-05-21 07:35:59+07:00,2023-05-21,07:35:00,453,stop,3_stop
906,3,2023-05-21 17:32:28+07:00,2023-05-21,17:30:00,454,start,3_start
907,3,2023-05-21 19:43:46+07:00,2023-05-21,19:45:00,454,stop,3_stop
908,3,2023-05-22 05:46:12+07:00,2023-05-22,05:45:00,455,start,3_start
909,3,2023-05-22 07:56:03+07:00,2023-05-22,07:55:00,455,stop,3_stop
910,3,2023-05-22 23:27:23+07:00,2023-05-22,23:25:00,456,start,3_start
911,3,2023-05-23 02:00:32+07:00,2023-05-23,02:00:00,456,stop,3_stop
912,3,2023-05-24 00:29:42+07:00,2023-05-24,00:30:00,457,start,3_start
913,3,2023-05-24 01:36:13+07:00,2023-05-24,01:35:00,457,stop,3_stop
914,3,2023-05-24 02:16:44+07:00,2023-05-24,02:15:00,458,start,3_start
915,3,2023-05-24 04:13:52+07:00,2023-05-24,04:15:00,458,stop,3_stop
916,3,2023-05-25 00:29:06+07:00,2023-05-25,00:30:00,459,start,3_start
917,3,2023-05-25 03:48:36+07:00,2023-05-25,03:50:00,459,stop,3_stop
918,3,2023-05-25 20:43:30+07:00,2023-05-25,20:45:00,460,start,3_start
919,3,2023-05-25 23:38:49+07:00,2023-05-25,23:40:00,460,stop,3_stop
920,3,2023-05-26 19:23:16+07:00,2023-05-26,19:25:00,461,start,3_start
921,3,2023-05-26 21:51:27+07:00,2023-05-26,21:50:00,461,stop,3_stop
922,3,2023-05-28 00:08:28+07:00,2023-05-28,00:10:00,462,start,3_start
923,3,2023-05-28 02:28:46+07:00,2023-05-28,02:30:00,462,stop,3_stop
924,3,2023-05-28 23:17:28+07:00,2023-05-28,23:15:00,463,start,3_start
925,3,2023-05-29 01:22:02+07:00,2023-05-29,01:20:00,463,stop,3_stop
926,3,2023-05-29 23:56:59+07:00,2023-05-29,23:55:00,464,start,3_start
927,3,2023-05-30 01:57:15+07:00,2023-05-30,01:55:00,464,stop,3_stop
928,3,2023-05-30 23:56:29+07:00,2023-05-30,23:55:00,465,start,3_start
929,3,2023-05-31 02:04:18+07:00,2023-05-31,02:05:00,465,stop,3_stop
930,3,2023-05-31 23:49:08+07:00,2023-05-31,23:50:00,466,start,3_start
931,3,2023-06-01 02:25:10+07:00,2023-06-01,02:25:00,466,stop,3_stop
932,3,2023-06-01 23:28:36+07:00,2023-06-01,23:30:00,467,start,3_start
933,3,2023-06-02 03:04:58+07:00,2023-06-02,03:05:00,467,stop,3_stop
934,3,2023-06-03 00:22:42+07:00,2023-06-03,00:25:00,468,start,3_start
935,3,2023-06-03 02:33:16+07:00,2023-06-03,02:35:00,468,stop,3_stop
936,3,2023-06-04 00:08:25+07:00,2023-06-04,00:10:00,469,start,3_start
937,3,2023-06-04 02:56:13+07:00,2023-06-04,02:55:00,469,stop,3_stop
938,3,2023-06-04 23:46:07+07:00,2023-06-04,23:45:00,470,start,3_start
939,3,2023-06-05 03:17:05+07:00,2023-06-05,03:15:00,470,stop,3_stop
940,3,2023-06-05 23:58:50+07:00,2023-06-05,00:00:00,471,start,3_start
941,3,2023-06-06 02:24:13+07:00,2023-06-06,02:25:00,471,stop,3_stop
942,3,2023-06-06 23:45:27+07:00,2023-06-06,23:45:00,472,start,3_start
943,3,2023-06-07 01:34:08+07:00,2023-06-07,01:35:00,472,stop,3_stop
944,3,2023-06-07 02:44:37+07:00,2023-06-07,02:45:00,473,start,3_start
945,3,2023-06-07 03:14:31+07:00,2023-06-07,03:15:00,473,stop,3_stop
946,3,2023-06-08 00:07:19+07:00,2023-06-08,00:05:00,474,start,3_start
947,3,2023-06-08 02:27:18+07:00,2023-06-08,02:25:00,474,stop,3_stop
948,3,2023-06-09 00:39:45+07:00,2023-06-09,00:40:00,475,start,3_start
949,3,2023-06-09 02:59:54+07:00,2023-06-09,03:00:00,475,stop,3_stop
950,3,2023-06-10 00:34:16+07:00,2023-06-10,00:35:00,476,start,3_start
951,3,2023-06-10 02:48:46+07:00,2023-06-10,02:50:00,476,stop,3_stop
952,3,2023-06-10 21:42:20+07:00,2023-06-10,21:40:00,477,start,3_start
953,3,2023-06-10 22:43:43+07:00,2023-06-10,22:45:00,477,stop,3_stop
954,3,2023-06-10 23:34:55+07:00,2023-06-10,23:35:00,478,start,3_start
955,3,2023-06-11 00:47:17+07:00,2023-06-11,00:45:00,478,stop,3_stop
956,3,2023-06-12 00:37:24+07:00,2023-06-12,00:35:00,479,start,3_start
957,3,2023-06-12 03:18:28+07:00,2023-06-12,03:20:00,479,stop,3_stop
958,3,2023-06-13 00:32:45+07:00,2023-06-13,00:35:00,480,start,3_start
959,3,2023-06-13 03:13:45+07:00,2023-06-13,03:15:00,480,stop,3_stop
960,3,2023-06-14 01:07:38+07:00,2023-06-14,01:10:00,481,start,3_start
961,3,2023-06-14 03:22:09+07:00,2023-06-14,03:20:00,481,stop,3_stop
962,3,2023-06-14 03:55:20+07:00,2023-06-14,03:55:00,482,start,3_start
963,3,2023-06-14 04:25:09+07:00,2023-06-14,04:25:00,482,stop,3_stop
964,3,2023-06-15 01:03:15+07:00,2023-06-15,01:05:00,483,start,3_start
965,3,2023-06-15 02:57:52+07:00,2023-06-15,03:00:00,483,stop,3_stop
966,3,2023-06-16 00:03:40+07:00,2023-06-16,00:05:00,484,start,3_start
967,3,2023-06-16 02:17:51+07:00,2023-06-16,02:20:00,484,stop,3_stop
968,3,2023-06-17 00:10:09+07:00,2023-06-17,00:10:00,485,start,3_start
969,3,2023-06-17 02:54:44+07:00,2023-06-17,02:55:00,485,stop,3_stop
970,3,2023-06-17 23:55:45+07:00,2023-06-17,23:55:00,486,start,3_start
971,3,2023-06-18 02:41:11+07:00,2023-06-18,02:40:00,486,stop,3_stop
972,3,2023-06-18 23:56:43+07:00,2023-06-18,23:55:00,487,start,3_start
973,3,2023-06-19 02:04:51+07:00,2023-06-19,02:05:00,487,stop,3_stop
974,3,2023-06-20 00:07:51+07:00,2023-06-20,00:10:00,488,start,3_start
975,3,2023-06-20 02:12:00+07:00,2023-06-20,02:10:00,488,stop,3_stop
976,3,2023-06-20 23:36:08+07:00,2023-06-20,23:35:00,489,start,3_start
977,3,2023-06-21 02:03:15+07:00,2023-06-21,02:05:00,489,stop,3_stop
978,3,2023-06-21 23:35:52+07:00,2023-06-21,23:35:00,490,start,3_start
979,3,2023-06-22 02:13:06+07:00,2023-06-22,02:15:00,490,stop,3_stop
980,3,2023-06-23 00:45:38+07:00,2023-06-23,00:45:00,491,start,3_start
981,3,2023-06-23 02:26:10+07:00,2023-06-23,02:25:00,491,stop,3_stop
982,3,2023-06-23 04:00:38+07:00,2023-06-23,04:00:00,492,start,3_start
983,3,2023-06-23 04:20:12+07:00,2023-06-23,04:20:00,492,stop,3_stop
984,3,2023-06-23 05:29:44+07:00,2023-06-23,05:30:00,493,start,3_start
985,3,2023-06-23 06:44:38+07:00,2023-06-23,06:45:00,493,stop,3_stop
986,3,2023-06-24 01:50:06+07:00,2023-06-24,01:50:00,494,start,3_start
987,3,2023-06-24 04:36:32+07:00,2023-06-24,04:35:00,494,stop,3_stop
988,3,2023-06-25 00:17:23+07:00,2023-06-25,00:15:00,495,start,3_start
989,3,2023-06-25 02:29:51+07:00,2023-06-25,02:30:00,495,stop,3_stop
990,3,2023-06-26 00:40:47+07:00,2023-06-26,00:40:00,496,start,3_start
991,3,2023-06-26 02:57:22+07:00,2023-06-26,02:55:00,496,stop,3_stop
992,3,2023-06-27 00:06:41+07:00,2023-06-27,00:05:00,497,start,3_start
993,3,2023-06-27 02:36:23+07:00,2023-06-27,02:35:00,497,stop,3_stop
994,3,2023-06-28 00:03:04+07:00,2023-06-28,00:05:00,498,start,3_start
995,3,2023-06-28 02:09:49+07:00,2023-06-28,02:10:00,498,stop,3_stop
996,3,2023-06-29 00:01:21+07:00,2023-06-29,00:00:00,499,start,3_start
997,3,2023-06-29 02:15:02+07:00,2023-06-29,02:15:00,499,stop,3_stop
998,3,2023-06-30 01:55:31+07:00,2023-06-30,01:55:00,500,start,3_start
999,3,2023-06-30 04:05:32+07:00,2023-06-30,04:05:00,500,stop,3_stop
1000,3,2023-07-01 00:29:48+07:00,2023-07-01,00:30:00,501,start,3_start
1001,3,2023-07-01 02:45:21+07:00,2023-07-01,02:45:00,501,stop,3_stop
1002,3,2023-07-01 23:47:40+07:00,2023-07-01,23:50:00,502,start,3_start
1003,3,2023-07-02 02:13:41+07:00,2023-07-02,02:15:00,502,stop,3_stop
1004,3,2023-07-03 00:02:44+07:00,2023-07-03,00:05:00,503,start,3_start
1005,3,2023-07-03 02:37:07+07:00,2023-07-03,02:35:00,503,stop,3_stop
1006,3,2023-07-04 02:28:32+07:00,2023-07-04,02:30:00,504,start,3_start
1007,3,2023-07-04 04:58:09+07:00,2023-07-04,05:00:00,504,stop,3_stop
1008,3,2023-07-05 01:23:58+07:00,2023-07-05,01:25:00,505,start,3_start
1009,3,2023-07-05 04:03:25+07:00,2023-07-05,04:05:00,505,stop,3_stop
1010,3,2023-07-06 02:12:51+07:00,2023-07-06,02:15:00,506,start,3_start
1011,3,2023-07-06 04:26:10+07:00,2023-07-06,04:25:00,506,stop,3_stop
1012,3,2023-07-06 23:56:51+07:00,2023-07-06,23:55:00,507,start,3_start
1013,3,2023-07-07 02:25:13+07:00,2023-07-07,02:25:00,507,stop,3_stop
1014,3,2023-07-08 00:03:40+07:00,2023-07-08,00:05:00,508,start,3_start
1015,3,2023-07-08 02:32:05+07:00,2023-07-08,02:30:00,508,stop,3_stop
1016,3,2023-07-09 01:06:02+07:00,2023-07-09,01:05:00,509,start,3_start
1017,3,2023-07-09 03:19:38+07:00,2023-07-09,03:20:00,509,stop,3_stop
1018,3,2023-07-10 01:01:20+07:00,2023-07-10,01:00:00,510,start,3_start
1019,3,2023-07-10 03:17:47+07:00,2023-07-10,03:20:00,510,stop,3_stop
1020,3,2023-07-10 23:31:02+07:00,2023-07-10,23:30:00,511,start,3_start
1021,3,2023-07-11 02:06:37+07:00,2023-07-11,02:05:00,511,stop,3_stop
1022,3,2023-07-11 23:47:54+07:00,2023-07-11,23:50:00,512,start,3_start
1023,3,2023-07-12 01:57:40+07:00,2023-07-12,02:00:00,512,stop,3_stop
1024,3,2023-07-13 00:40:02+07:00,2023-07-13,00:40:00,513,start,3_start
1025,3,2023-07-13 03:24:56+07:00,2023-07-13,03:25:00,513,stop,3_stop
1026,3,2023-07-14 00:27:26+07:00,2023-07-14,00:25:00,514,start,3_start
1027,3,2023-07-14 03:35:34+07:00,2023-07-14,03:35:00,514,stop,3_stop
1028,3,2023-07-15 00:14:22+07:00,2023-07-15,00:15:00,515,start,3_start
1029,3,2023-07-15 01:44:03+07:00,2023-07-15,01:45:00,515,stop,3_stop
1030,3,2023-07-15 02:18:59+07:00,2023-07-15,02:20:00,516,start,3_start
1031,3,2023-07-15 03:31:54+07:00,2023-07-15,03:30:00,516,stop,3_stop
1032,3,2023-07-16 00:16:33+07:00,2023-07-16,00:15:00,517,start,3_start
1033,3,2023-07-16 03:22:43+07:00,2023-07-16,03:25:00,517,stop,3_stop
1034,3,2023-07-17 00:09:29+07:00,2023-07-17,00:10:00,518,start,3_start
1035,3,2023-07-17 02:25:51+07:00,2023-07-17,02:25:00,518,stop,3_stop
1036,3,2023-07-18 00:27:42+07:00,2023-07-18,00:30:00,519,start,3_start
1037,3,2023-07-18 02:52:07+07:00,2023-07-18,02:50:00,519,stop,3_stop
1038,3,2023-07-19 03:14:17+07:00,2023-07-19,03:15:00,520,start,3_start
1039,3,2023-07-19 05:32:37+07:00,2023-07-19,05:35:00,520,stop,3_stop
1040,3,2023-07-20 01:01:06+07:00,2023-07-20,01:00:00,521,start,3_start
1041,3,2023-07-20 03:27:35+07:00,2023-07-20,03:30:00,521,stop,3_stop
1042,3,2023-07-21 00:01:59+07:00,2023-07-21,00:00:00,522,start,3_start
1043,3,2023-07-21 02:30:02+07:00,2023-07-21,02:30:00,522,stop,3_stop
1044,3,2023-07-22 00:21:45+07:00,2023-07-22,00:20:00,523,start,3_start
1045,3,2023-07-22 03:05:12+07:00,2023-07-22,03:05:00,523,stop,3_stop
1046,3,2023-07-23 02:49:25+07:00,2023-07-23,02:50:00,524,start,3_start
1047,3,2023-07-23 05:23:12+07:00,2023-07-23,05:25:00,524,stop,3_stop
1048,3,2023-07-24 00:10:22+07:00,2023-07-24,00:10:00,525,start,3_start
1049,3,2023-07-24 03:17:00+07:00,2023-07-24,03:15:00,525,stop,3_stop
1050,3,2023-07-25 00:22:56+07:00,2023-07-25,00:25:00,526,start,3_start
1051,3,2023-07-25 02:27:57+07:00,2023-07-25,02:30:00,526,stop,3_stop
1052,3,2023-07-26 00:15:48+07:00,2023-07-26,00:15:00,527,start,3_start
1053,3,2023-07-26 02:29:24+07:00,2023-07-26,02:30:00,527,stop,3_stop
1054,3,2023-07-27 00:42:40+07:00,2023-07-27,00:45:00,528,start,3_start
1055,3,2023-07-27 02:53:05+07:00,2023-07-27,02:55:00,528,stop,3_stop
1056,3,2023-07-27 23:53:05+07:00,2023-07-27,23:55:00,529,start,3_start
1057,3,2023-07-28 02:02:16+07:00,2023-07-28,02:00:00,529,stop,3_stop
1058,3,2023-07-29 00:25:12+07:00,2023-07-29,00:25:00,530,start,3_start
1059,3,2023-07-29 02:32:02+07:00,2023-07-29,02:30:00,530,stop,3_stop
1060,3,2023-07-30 00:34:50+07:00,2023-07-30,00:35:00,531,start,3_start
1061,3,2023-07-30 02:49:15+07:00,2023-07-30,02:50:00,531,stop,3_stop
1062,3,2023-07-30 23:49:40+07:00,2023-07-30,23:50:00,532,start,3_start
1063,3,2023-07-31 02:02:34+07:00,2023-07-31,02:05:00,532,stop,3_stop
1064,3,2023-07-31 23:51:48+07:00,2023-07-31,23:50:00,533,start,3_start
1065,3,2023-08-01 02:20:53+07:00,2023-08-01,02:20:00,533,stop,3_stop
1066,3,2023-08-02 00:24:43+07:00,2023-08-02,00:25:00,534,start,3_start
1067,3,2023-08-02 02:47:26+07:00,2023-08-02,02:45:00,534,stop,3_stop
1068,3,2023-08-03 00:39:35+07:00,2023-08-03,00:40:00,535,start,3_start
1069,3,2023-08-03 03:25:09+07:00,2023-08-03,03:25:00,535,stop,3_stop
1070,3,2023-08-03 23:56:49+07:00,2023-08-03,23:55:00,536,start,3_start
1071,3,2023-08-04 02:09:30+07:00,2023-08-04,02:10:00,536,stop,3_stop
1072,3,2023-08-05 00:46:04+07:00,2023-08-05,00:45:00,537,start,3_start
1073,3,2023-08-05 02:52:48+07:00,2023-08-05,02:55:00,537,stop,3_stop
1074,3,2023-08-05 23:52:30+07:00,2023-08-05,23:50:00,538,start,3_start
1075,3,2023-08-06 02:35:26+07:00,2023-08-06,02:35:00,538,stop,3_stop
1076,3,2023-08-08 00:06:46+07:00,2023-08-08,00:05:00,539,start,3_start
1077,3,2023-08-08 01:38:28+07:00,2023-08-08,01:40:00,539,stop,3_stop
1078,3,2023-08-09 01:04:51+07:00,2023-08-09,01:05:00,540,start,3_start
1079,3,2023-08-09 03:24:42+07:00,2023-08-09,03:25:00,540,stop,3_stop
1080,3,2023-08-10 00:39:40+07:00,2023-08-10,00:40:00,541,start,3_start
1081,3,2023-08-10 03:05:45+07:00,2023-08-10,03:05:00,541,stop,3_stop
1082,3,2023-08-10 23:49:37+07:00,2023-08-10,23:50:00,542,start,3_start
1083,3,2023-08-11 02:16:00+07:00,2023-08-11,02:15:00,542,stop,3_stop
1084,3,2023-08-12 02:06:19+07:00,2023-08-12,02:05:00,543,start,3_start
1085,3,2023-08-12 05:15:40+07:00,2023-08-12,05:15:00,543,stop,3_stop
1086,3,2023-08-13 00:41:29+07:00,2023-08-13,00:40:00,544,start,3_start
1087,3,2023-08-13 03:26:25+07:00,2023-08-13,03:25:00,544,stop,3_stop
1088,3,2023-08-14 00:55:48+07:00,2023-08-14,00:55:00,545,start,3_start
1089,3,2023-08-14 03:13:01+07:00,2023-08-14,03:15:00,545,stop,3_stop
1090,3,2023-08-14 23:50:50+07:00,2023-08-14,23:50:00,546,start,3_start
1091,3,2023-08-15 00:51:54+07:00,2023-08-15,00:50:00,546,stop,3_stop
1092,3,2023-08-15 03:29:11+07:00,2023-08-15,03:30:00,547,start,3_start
1093,3,2023-08-15 04:41:35+07:00,2023-08-15,04:40:00,547,stop,3_stop
1094,3,2023-08-16 02:43:12+07:00,2023-08-16,02:45:00,548,start,3_start
1095,3,2023-08-16 05:00:32+07:00,2023-08-16,05:00:00,548,stop,3_stop
1096,3,2023-08-21 09:29:56+07:00,2023-08-21,09:30:00,549,start,3_start
1097,3,2023-08-21 09:35:02+07:00,2023-08-21,09:35:00,549,stop,3_stop
1098,3,2023-08-24 01:09:06+07:00,2023-08-24,01:10:00,550,start,3_start
1099,3,2023-08-24 04:31:17+07:00,2023-08-24,04:30:00,550,stop,3_stop
1100,3,2023-08-25 00:12:14+07:00,2023-08-25,00:10:00,551,start,3_start
1101,3,2023-08-25 02:22:22+07:00,2023-08-25,02:20:00,551,stop,3_stop
1102,3,2023-08-26 00:48:59+07:00,2023-08-26,00:50:00,552,start,3_start
1103,3,2023-08-26 03:58:57+07:00,2023-08-26,04:00:00,552,stop,3_stop
1104,3,2023-08-26 09:01:10+07:00,2023-08-26,09:00:00,553,start,3_start
1105,3,2023-08-26 09:41:17+07:00,2023-08-26,09:40:00,553,stop,3_stop
1106,3,2023-09-22 00:34:04+07:00,2023-09-22,00:35:00,554,start,3_start
1107,3,2023-09-22 03:13:26+07:00,2023-09-22,03:15:00,554,stop,3_stop
1108,3,2023-09-23 00:25:35+07:00,2023-09-23,00:25:00,555,start,3_start
1109,3,2023-09-23 03:35:15+07:00,2023-09-23,03:35:00,555,stop,3_stop
1110,3,2023-09-24 00:13:26+07:00,2023-09-24,00:15:00,556,start,3_start
1111,3,2023-09-24 01:36:27+07:00,2023-09-24,01:35:00,556,stop,3_stop
1112,3,2023-09-24 03:44:35+07:00,2023-09-24,03:45:00,557,start,3_start
1113,3,2023-09-24 05:45:03+07:00,2023-09-24,05:45:00,557,stop,3_stop
1114,3,2023-09-24 23:49:40+07:00,2023-09-24,23:50:00,558,start,3_start
1115,3,2023-09-25 01:59:53+07:00,2023-09-25,02:00:00,558,stop,3_stop
1116,3,2023-09-28 01:29:46+07:00,2023-09-28,01:30:00,559,start,3_start
1117,3,2023-09-28 03:38:16+07:00,2023-09-28,03:40:00,559,stop,3_stop
1118,3,2023-09-29 00:07:23+07:00,2023-09-29,00:05:00,560,start,3_start
1119,3,2023-09-29 02:26:06+07:00,2023-09-29,02:25:00,560,stop,3_stop
1120,3,2023-09-30 01:28:15+07:00,2023-09-30,01:30:00,561,start,3_start
1121,3,2023-09-30 03:38:36+07:00,2023-09-30,03:40:00,561,stop,3_stop
1122,3,2023-10-01 00:37:47+07:00,2023-10-01,00:40:00,562,start,3_start
1123,3,2023-10-01 02:38:36+07:00,2023-10-01,02:40:00,562,stop,3_stop
1124,3,2023-10-02 00:09:55+07:00,2023-10-02,00:10:00,563,start,3_start
1125,3,2023-10-02 01:09:13+07:00,2023-10-02,01:10:00,563,stop,3_stop
1126,3,2023-10-03 01:04:20+07:00,2023-10-03,01:05:00,564,start,3_start
1127,3,2023-10-03 03:10:23+07:00,2023-10-03,03:10:00,564,stop,3_stop
1128,3,2023-10-04 00:05:14+07:00,2023-10-04,00:05:00,565,start,3_start
1129,3,2023-10-04 01:48:54+07:00,2023-10-04,01:50:00,565,stop,3_stop
1130,3,2023-10-04 23:35:53+07:00,2023-10-04,23:35:00,566,start,3_start
1131,3,2023-10-05 01:32:56+07:00,2023-10-05,01:35:00,566,stop,3_stop
1132,3,2023-10-06 00:26:15+07:00,2023-10-06,00:25:00,567,start,3_start
1133,3,2023-10-06 02:30:35+07:00,2023-10-06,02:30:00,567,stop,3_stop
1134,3,2023-10-07 00:14:42+07:00,2023-10-07,00:15:00,568,start,3_start
1135,3,2023-10-07 02:11:57+07:00,2023-10-07,02:10:00,568,stop,3_stop
1136,3,2023-10-08 01:12:00+07:00,2023-10-08,01:10:00,569,start,3_start
1137,3,2023-10-08 03:09:42+07:00,2023-10-08,03:10:00,569,stop,3_stop
1138,3,2023-10-09 00:19:07+07:00,2023-10-09,00:20:00,570,start,3_start
1139,3,2023-10-09 02:26:50+07:00,2023-10-09,02:25:00,570,stop,3_stop
1140,3,2023-10-10 00:04:17+07:00,2023-10-10,00:05:00,571,start,3_start
1141,3,2023-10-10 02:41:38+07:00,2023-10-10,02:40:00,571,stop,3_stop
1142,3,2023-10-11 00:35:16+07:00,2023-10-11,00:35:00,572,start,3_start
1143,3,2023-10-11 03:27:22+07:00,2023-10-11,03:25:00,572,stop,3_stop
1144,3,2023-10-12 01:10:01+07:00,2023-10-12,01:10:00,573,start,3_start
1145,3,2023-10-12 04:42:15+07:00,2023-10-12,04:40:00,573,stop,3_stop
1146,3,2023-10-12 23:59:58+07:00,2023-10-12,00:00:00,574,start,3_start
1147,3,2023-10-13 01:56:21+07:00,2023-10-13,01:55:00,574,stop,3_stop
1148,3,2023-10-14 00:08:10+07:00,2023-10-14,00:10:00,575,start,3_start
1149,3,2023-10-14 01:59:26+07:00,2023-10-14,02:00:00,575,stop,3_stop
1150,3,2023-10-14 23:48:33+07:00,2023-10-14,23:50:00,576,start,3_start
1151,3,2023-10-15 02:01:49+07:00,2023-10-15,02:00:00,576,stop,3_stop
1152,3,2023-10-16 00:10:53+07:00,2023-10-16,00:10:00,577,start,3_start
1153,3,2023-10-16 02:10:24+07:00,2023-10-16,02:10:00,577,stop,3_stop
1154,3,2023-10-17 00:56:30+07:00,2023-10-17,00:55:00,578,start,3_start
1155,3,2023-10-17 03:00:49+07:00,2023-10-17,03:00:00,578,stop,3_stop
1156,3,2023-10-18 00:41:11+07:00,2023-10-18,00:40:00,579,start,3_start
1157,3,2023-10-18 02:42:41+07:00,2023-10-18,02:45:00,579,stop,3_stop
1158,3,2023-10-19 01:11:57+07:00,2023-10-19,01:10:00,580,start,3_start
1159,3,2023-10-19 03:13:47+07:00,2023-10-19,03:15:00,580,stop,3_stop
1160,3,2023-10-20 00:50:40+07:00,2023-10-20,00:50:00,581,start,3_start
1161,3,2023-10-20 02:57:18+07:00,2023-10-20,02:55:00,581,stop,3_stop
1162,3,2023-10-21 00:29:19+07:00,2023-10-21,00:30:00,582,start,3_start
1163,3,2023-10-21 02:44:33+07:00,2023-10-21,02:45:00,582,stop,3_stop
1164,3,2023-10-22 00:30:44+07:00,2023-10-22,00:30:00,583,start,3_start
1165,3,2023-10-22 02:40:21+07:00,2023-10-22,02:40:00,583,stop,3_stop
1166,3,2023-10-23 00:29:11+07:00,2023-10-23,00:30:00,584,start,3_start
1167,3,2023-10-23 02:29:47+07:00,2023-10-23,02:30:00,584,stop,3_stop
1168,3,2023-10-24 00:12:35+07:00,2023-10-24,00:15:00,585,start,3_start
1169,3,2023-10-24 02:12:01+07:00,2023-10-24,02:10:00,585,stop,3_stop
1170,3,2023-10-24 23:59:53+07:00,2023-10-24,00:00:00,586,start,3_start
1171,3,2023-10-25 01:52:46+07:00,2023-10-25,01:55:00,586,stop,3_stop
1172,3,2023-10-25 23:34:49+07:00,2023-10-25,23:35:00,587,start,3_start
1173,3,2023-10-26 01:04:29+07:00,2023-10-26,01:05:00,587,stop,3_stop
1174,3,2023-10-27 01:39:51+07:00,2023-10-27,01:40:00,588,start,3_start
1175,3,2023-10-27 03:19:21+07:00,2023-10-27,03:20:00,588,stop,3_stop
1176,3,2023-10-28 02:23:54+07:00,2023-10-28,02:25:00,589,start,3_start
1177,3,2023-10-28 04:08:11+07:00,2023-10-28,04:10:00,589,stop,3_stop
1178,3,2023-10-29 00:06:21+07:00,2023-10-29,00:05:00,590,start,3_start
1179,3,2023-10-29 01:42:35+07:00,2023-10-29,01:45:00,590,stop,3_stop
1180,3,2023-10-29 23:56:18+07:00,2023-10-29,23:55:00,591,start,3_start
1181,3,2023-10-30 01:44:26+07:00,2023-10-30,01:45:00,591,stop,3_stop
1182,3,2023-10-31 00:38:21+07:00,2023-10-31,00:40:00,592,start,3_start
1183,3,2023-10-31 03:02:10+07:00,2023-10-31,03:00:00,592,stop,3_stop
1184,3,2023-11-01 00:58:09+07:00,2023-11-01,01:00:00,593,start,3_start
1185,3,2023-11-01 03:23:14+07:00,2023-11-01,03:25:00,593,stop,3_stop
1186,3,2023-11-03 01:31:31+07:00,2023-11-03,01:30:00,594,start,3_start
1187,3,2023-11-03 03:28:33+07:00,2023-11-03,03:30:00,594,stop,3_stop
1188,3,2023-11-04 00:05:32+07:00,2023-11-04,00:05:00,595,start,3_start
1189,3,2023-11-04 01:48:51+07:00,2023-11-04,01:50:00,595,stop,3_stop
1190,3,2023-11-05 00:21:17+07:00,2023-11-05,00:20:00,596,start,3_start
1191,3,2023-11-05 02:19:33+07:00,2023-11-05,02:20:00,596,stop,3_stop
1192,3,2023-11-06 01:31:11+07:00,2023-11-06,01:30:00,597,start,3_start
1193,3,2023-11-06 03:16:14+07:00,2023-11-06,03:15:00,597,stop,3_stop
1194,3,2023-11-07 02:11:35+07:00,2023-11-07,02:10:00,598,start,3_start
1195,3,2023-11-07 04:01:35+07:00,2023-11-07,04:00:00,598,stop,3_stop
1196,3,2023-11-08 00:33:13+07:00,2023-11-08,00:35:00,599,start,3_start
1197,3,2023-11-08 02:46:32+07:00,2023-11-08,02:45:00,599,stop,3_stop
1198,3,2023-11-09 00:17:53+07:00,2023-11-09,00:20:00,600,start,3_start
1199,3,2023-11-09 02:08:35+07:00,2023-11-09,02:10:00,600,stop,3_stop
1200,3,2023-11-10 01:03:38+07:00,2023-11-10,01:05:00,601,start,3_start
1201,3,2023-11-10 02:51:22+07:00,2023-11-10,02:50:00,601,stop,3_stop
1202,3,2023-11-11 00:27:33+07:00,2023-11-11,00:30:00,602,start,3_start
1203,3,2023-11-11 02:22:10+07:00,2023-11-11,02:20:00,602,stop,3_stop
1204,3,2023-11-12 00:36:45+07:00,2023-11-12,00:35:00,603,start,3_start
1205,3,2023-11-12 02:24:50+07:00,2023-11-12,02:25:00,603,stop,3_stop
1206,3,2023-11-13 00:09:37+07:00,2023-11-13,00:10:00,604,start,3_start
1207,3,2023-11-13 01:59:17+07:00,2023-11-13,02:00:00,604,stop,3_stop
1208,3,2023-11-14 00:03:39+07:00,2023-11-14,00:05:00,605,start,3_start
1209,3,2023-11-14 02:02:30+07:00,2023-11-14,02:00:00,605,stop,3_stop
1210,3,2023-11-14 10:41:47+07:00,2023-11-14,10:40:00,606,start,3_start
1211,3,2023-11-14 11:00:11+07:00,2023-11-14,11:00:00,606,stop,3_stop
1212,3,2023-11-14 16:09:28+07:00,2023-11-14,16:10:00,607,start,3_start
1213,3,2023-11-14 16:39:42+07:00,2023-11-14,16:40:00,607,stop,3_stop
1214,3,2023-11-15 00:01:15+07:00,2023-11-15,00:00:00,608,start,3_start
1215,3,2023-11-15 01:48:55+07:00,2023-11-15,01:50:00,608,stop,3_stop
1216,3,2023-11-16 00:55:47+07:00,2023-11-16,00:55:00,609,start,3_start
1217,3,2023-11-16 02:32:01+07:00,2023-11-16,02:30:00,609,stop,3_stop
1218,3,2023-11-17 00:45:44+07:00,2023-11-17,00:45:00,610,start,3_start
1219,3,2023-11-17 02:32:31+07:00,2023-11-17,02:35:00,610,stop,3_stop
1220,3,2023-11-17 09:20:30+07:00,2023-11-17,09:20:00,611,start,3_start
1221,3,2023-11-17 09:26:39+07:00,2023-11-17,09:25:00,611,stop,3_stop
1222,3,2023-12-22 01:22:27+07:00,2023-12-22,01:20:00,612,start,3_start
1223,3,2023-12-22 03:20:47+07:00,2023-12-22,03:20:00,612,stop,3_stop
1224,3,2023-12-23 00:44:20+07:00,2023-12-23,00:45:00,613,start,3_start
1225,3,2023-12-23 02:42:44+07:00,2023-12-23,02:45:00,613,stop,3_stop
1226,3,2023-12-24 00:54:21+07:00,2023-12-24,00:55:00,614,start,3_start
1227,3,2023-12-24 03:20:09+07:00,2023-12-24,03:20:00,614,stop,3_stop
1228,3,2023-12-25 00:05:40+07:00,2023-12-25,00:05:00,615,start,3_start
1229,3,2023-12-25 02:23:10+07:00,2023-12-25,02:25:00,615,stop,3_stop
1230,3,2023-12-26 00:56:18+07:00,2023-12-26,00:55:00,616,start,3_start
1231,3,2023-12-26 02:41:32+07:00,2023-12-26,02:40:00,616,stop,3_stop
1232,3,2023-12-27 00:52:23+07:00,2023-12-27,00:50:00,617,start,3_start
1233,3,2023-12-27 02:44:41+07:00,2023-12-27,02:45:00,617,stop,3_stop
1234,3,2023-12-27 13:45:11+07:00,2023-12-27,13:45:00,618,start,3_start
1235,3,2023-12-27 13:53:29+07:00,2023-12-27,13:55:00,618,stop,3_stop
1236,3,2023-12-28 00:45:42+07:00,2023-12-28,00:45:00,619,start,3_start
1237,3,2023-12-28 03:44:07+07:00,2023-12-28,03:45:00,619,stop,3_stop
1238,3,2023-12-29 01:48:02+07:00,2023-12-29,01:50:00,620,start,3_start
1239,3,2023-12-29 04:05:03+07:00,2023-12-29,04:05:00,620,stop,3_stop
1240,3,2023-12-29 18:20:56+07:00,2023-12-29,18:20:00,621,start,3_start
1241,3,2023-12-29 20:16:35+07:00,2023-12-29,20:15:00,621,stop,3_stop
1242,3,2024-01-03 00:59:10+07:00,2024-01-03,01:00:00,622,start,3_start
1243,3,2024-01-03 03:03:09+07:00,2024-01-03,03:05:00,622,stop,3_stop
1244,3,2024-01-04 00:10:09+07:00,2024-01-04,00:10:00,623,start,3_start
1245,3,2024-01-04 02:23:50+07:00,2024-01-04,02:25:00,623,stop,3_stop
1246,3,2024-01-05 01:24:10+07:00,2024-01-05,01:25:00,624,start,3_start
1247,3,2024-01-05 03:13:11+07:00,2024-01-05,03:15:00,624,stop,3_stop
1248,3,2024-01-06 01:02:29+07:00,2024-01-06,01:00:00,625,start,3_start
1249,3,2024-01-06 03:03:01+07:00,2024-01-06,03:05:00,625,stop,3_stop
1250,3,2024-01-07 01:15:03+07:00,2024-01-07,01:15:00,626,start,3_start
1251,3,2024-01-07 03:27:22+07:00,2024-01-07,03:25:00,626,stop,3_stop
1252,3,2024-01-08 00:08:44+07:00,2024-01-08,00:10:00,627,start,3_start
1253,3,2024-01-08 02:52:00+07:00,2024-01-08,02:50:00,627,stop,3_stop
1254,3,2024-01-09 01:07:56+07:00,2024-01-09,01:10:00,628,start,3_start
1255,3,2024-01-09 03:27:54+07:00,2024-01-09,03:30:00,628,stop,3_stop
1256,3,2024-01-10 00:18:33+07:00,2024-01-10,00:20:00,629,start,3_start
1257,3,2024-01-10 02:45:30+07:00,2024-01-10,02:45:00,629,stop,3_stop
1258,3,2024-01-11 01:14:23+07:00,2024-01-11,01:15:00,630,start,3_start
1259,3,2024-01-11 03:21:28+07:00,2024-01-11,03:20:00,630,stop,3_stop
1260,3,2024-01-12 00:28:40+07:00,2024-01-12,00:30:00,631,start,3_start
1261,3,2024-01-12 02:27:30+07:00,2024-01-12,02:30:00,631,stop,3_stop
1262,3,2024-01-13 00:26:27+07:00,2024-01-13,00:25:00,632,start,3_start
1263,3,2024-01-13 02:51:44+07:00,2024-01-13,02:50:00,632,stop,3_stop
1264,3,2024-01-14 00:13:52+07:00,2024-01-14,00:15:00,633,start,3_start
1265,3,2024-01-14 02:09:57+07:00,2024-01-14,02:10:00,633,stop,3_stop
1266,3,2024-01-15 00:29:46+07:00,2024-01-15,00:30:00,634,start,3_start
1267,3,2024-01-15 02:35:44+07:00,2024-01-15,02:35:00,634,stop,3_stop
1268,3,2024-01-15 20:43:05+07:00,2024-01-15,20:45:00,635,start,3_start
1269,3,2024-01-15 22:42:16+07:00,2024-01-15,22:40:00,635,stop,3_stop
1270,3,2024-01-17 02:06:58+07:00,2024-01-17,02:05:00,636,start,3_start
1271,3,2024-01-17 04:21:40+07:00,2024-01-17,04:20:00,636,stop,3_stop
1272,3,2024-01-18 02:12:48+07:00,2024-01-18,02:15:00,637,start,3_start
1273,3,2024-01-18 04:15:57+07:00,2024-01-18,04:15:00,637,stop,3_stop
1274,3,2024-01-19 01:56:17+07:00,2024-01-19,01:55:00,638,start,3_start
1275,3,2024-01-19 04:00:19+07:00,2024-01-19,04:00:00,638,stop,3_stop
1276,3,2024-01-20 01:50:33+07:00,2024-01-20,01:50:00,639,start,3_start
1277,3,2024-01-20 03:58:35+07:00,2024-01-20,04:00:00,639,stop,3_stop
1278,3,2024-01-21 01:44:12+07:00,2024-01-21,01:45:00,640,start,3_start
1279,3,2024-01-21 03:52:41+07:00,2024-01-21,03:55:00,640,stop,3_stop
1280,3,2024-01-22 01:25:21+07:00,2024-01-22,01:25:00,641,start,3_start
1281,3,2024-01-22 03:37:25+07:00,2024-01-22,03:35:00,641,stop,3_stop
1282,3,2024-01-23 02:24:55+07:00,2024-01-23,02:25:00,642,start,3_start
1283,3,2024-01-23 04:15:43+07:00,2024-01-23,04:15:00,642,stop,3_stop
1284,3,2024-01-24 01:36:30+07:00,2024-01-24,01:35:00,643,start,3_start
1285,3,2024-01-24 03:53:51+07:00,2024-01-24,03:55:00,643,stop,3_stop
1286,3,2024-01-24 09:03:59+07:00,2024-01-24,09:05:00,644,start,3_start
1287,3,2024-01-24 09:15:24+07:00,2024-01-24,09:15:00,644,stop,3_stop
1288,3,2024-01-25 02:52:38+07:00,2024-01-25,02:55:00,645,start,3_start
1289,3,2024-01-25 04:40:53+07:00,2024-01-25,04:40:00,645,stop,3_stop
1290,3,2024-01-26 00:09:12+07:00,2024-01-26,00:10:00,646,start,3_start
1291,3,2024-01-26 02:11:26+07:00,2024-01-26,02:10:00,646,stop,3_stop
1292,3,2024-01-27 00:35:38+07:00,2024-01-27,00:35:00,647,start,3_start
1293,3,2024-01-27 02:56:39+07:00,2024-01-27,02:55:00,647,stop,3_stop
1294,3,2024-01-28 00:10:55+07:00,2024-01-28,00:10:00,648,start,3_start
1295,3,2024-01-28 00:27:33+07:00,2024-01-28,00:30:00,648,stop,3_stop
1296,3,2024-01-28 01:23:35+07:00,2024-01-28,01:25:00,649,start,3_start
1297,3,2024-01-28 03:17:59+07:00,2024-01-28,03:20:00,649,stop,3_stop
1298,3,2024-01-29 00:12:22+07:00,2024-01-29,00:10:00,650,start,3_start
1299,3,2024-01-29 03:11:22+07:00,2024-01-29,03:10:00,650,stop,3_stop
